"SAMPLE_NAME","OHSU-00001","OHSU-00002","OHSU-00003","OHSU-00004","OHSU-00005","OHSU-00006","OHSU-00007","OHSU-00008","OHSU-00009","OHSU-00010","OHSU-00011","OHSU-00012","OHSU-00013","OHSU-00014","OHSU-00015","OHSU-00016","OHSU-00017","OHSU-00018","OHSU-00019","OHSU-00020","OHSU-00021","OHSU-00022","OHSU-00023","OHSU-00024","OHSU-00025","OHSU-00026","OHSU-00027","OHSU-00028","OHSU-00029","OHSU-00030"
"SAMPLE_ID",668519,668520,668521,668522,668523,668524,668525,668526,668527,668528,668529,668530,668531,668532,668533,668534,668535,668536,668537,668538,668539,668540,668541,668542,668543,668544,668545,668546,668547,668548
"CLIENT_IDENTIFIER","1-6886","1-6887","1-6888","1-6889","1-6891","1-6892","1-6893","1-6894","1-6895","1-6896","2-6886","2-6887","2-6888","2-6889","2-6891","2-6892","2-6893","2-6894","2-6895","2-6896","3-6886","3-6887","3-6888","3-6889","3-6891","3-6892","3-6893","3-6894","3-6895","3-6896"
"GROUP",1,1,1,1,1,1,1,1,1,1,2,2,2,2,2,2,2,2,2,2,3,3,3,3,3,3,3,3,3,3
"DATE","12/16/02","12/16/02","12/16/02","12/16/02","12/16/02","12/16/02","12/16/02","12/16/02","12/16/02","12/16/02","1/12/04","1/12/04","1/12/04","1/12/04","1/12/04","1/12/04","1/12/04","1/12/04","1/12/04","1/12/04","8/16/04","8/16/04","8/16/04","8/16/04","8/16/04","8/16/04","8/16/04","8/16/04","8/16/04","8/16/04"
"TREATMENT","ethanol naﾋve","ethanol naﾋve","ethanol naﾋve","ethanol naﾋve","ethanol naﾋve","ethanol naﾋve","ethanol naﾋve","ethanol naﾋve","ethanol naﾋve","ethanol naﾋve","6 months ethanol self-administration","6 months ethanol self-administration","6 months ethanol self-administration","6 months ethanol self-administration","6 months ethanol self-administration","6 months ethanol self-administration","6 months ethanol self-administration","6 months ethanol self-administration","6 months ethanol self-administration","6 months ethanol self-administration","12 months ethanol self-administration","12 months ethanol self-administration","12 months ethanol self-administration","12 months ethanol self-administration","12 months ethanol self-administration","12 months ethanol self-administration","12 months ethanol self-administration","12 months ethanol self-administration","12 months ethanol self-administration","12 months ethanol self-administration"
"SUBJECT_ID",6886,6887,6888,6889,6891,6892,6893,6894,6895,6896,6886,6887,6888,6889,6891,6892,6893,6894,6895,6896,6886,6887,6888,6889,6891,6892,6893,6894,6895,6896
"GROUP_ID","Baseline","Baseline","Baseline","Baseline","Baseline","Baseline","Baseline","Baseline","Baseline","Baseline","6 months EtOH","6 months EtOH","6 months EtOH","6 months EtOH","6 months EtOH","6 months EtOH","6 months EtOH","6 months EtOH","6 months EtOH","6 months EtOH","12 months EtOH","12 months EtOH","12 months EtOH","12 months EtOH","12 months EtOH","12 months EtOH","12 months EtOH","12 months EtOH","12 months EtOH","12 months EtOH"
"1,5-anhydroglucitol (1,5-AG)",521139,555775.8,1548272.6,283046,1512339.5,740536.5,1389376.3,989465.8,286624.1,319443,1745117.8,5531807,7196183,3386698,4637995,2225267,12135733,1993663.3,408543,1098955,922988.8,2649070.3,2929266.8,789014.9,3767801.8,1762455.6,5343299,2161101.5,500742.2,360677.2
"1,6-anhydroglucose",48207,,,33164,18368,,,,,,265984.8,324348,209809,234083,165574.3,240616,348299,395460,273020,257254,288816,402578,570247.6,371537,469696.9,341384,706245.9,393122,379621,369255.7
"1-arachidonoylglycerophosphocholine*",1038458.4,1250823.3,1557038.9,2085719.9,1350417.8,1463821,1435501.9,1784673.3,1789872.1,1266786.4,1277820.4,1679971.8,1691817.6,1849260,1761500.9,1828401.3,933118.9,1646004,1547917,1231937.4,1481482,2328318,1588912.4,1957023.8,2025393.3,2305876.3,1223126.8,,2689155.3,1394629
"1-arachidonoylglycerophosphoethanolamine*",236173.5,1126654.3,950196.1,828005.8,642950.7,1079352.4,752343.1,1099949.3,678459.5,716785.8,530040.3,1138743.5,310585.4,1035382.6,885668,364159.7,746494.5,896695,321713.3,538511.4,694966.9,615735.6,688235.1,1403203.4,907801.1,399733.3,1533297.1,504386,331941.5,196195.8
"1-arachidonoylglycerophosphoinositol*",91272.3,70104.2,106157,70507.1,64060.5,53626.4,110227,104395.8,70475.7,71840.4,98025.1,111603,121451.5,114670.3,96310,103356.6,179585.4,95028.2,144396.1,64993.2,83201.2,143845.7,82944.9,205694.3,87624.8,127297.4,90417.2,161498.3,144265.5,78997
"1-arachidoylglycerophosphocholine",46548.1,114830.5,79817.3,113264.9,71585.5,70243.8,80790.4,71024.1,110221.8,45640.1,24955.9,33378.9,42424.8,25305.3,28436.1,40130.8,25379.1,25629,41658.9,30152.2,31494.6,27887,23469.5,50887.1,36498.1,35729.2,23956.7,39561.4,49993.8,32365.6
"1-docosahexaenoylglycerophosphocholine*",325654.3,493695.8,401991.7,805826.8,483807.9,437132.6,536200.8,475920,441400.8,299953.9,546296.6,528356,830999.6,965122.7,1010770.1,1152427.1,457062.8,849830.6,929290.4,746964.8,865396.5,920772.6,816779.5,928486.6,1314939.4,1109785.8,641916.7,2258837.8,1040994.3,990118.5
"1-docosapentaenoylglycerophosphocholine*",84800,131777.8,89459.3,167918.2,81203.7,177786.3,122786.8,84481.5,126393.1,84144.1,107806,159421.4,187666.9,178059.5,152076.9,318875.9,95103.1,218811.1,144720.8,137428.2,168792.2,186738.9,128993.5,217213.6,,290931.1,144824,431958.8,234220.8,150447.6
"1-eicosadienoylglycerophosphocholine*",168872.1,245132.1,180498.5,369112.4,222427.7,189206.1,385870.7,277664.1,307389.6,182014.6,218718.1,227785.6,348699.9,419425.1,232786.4,329146.6,176772.6,258183,311296.4,214567.9,131438.9,282389.3,161268.1,461009.9,184290.9,251098.8,184506.3,372617.9,376997.7,132317.9
"1-eicosatrienoylglycerophosphocholine*",830434.7,969533.7,827478.1,959049.1,996692.1,982537.3,1618352,808179.6,1006750.6,894938.3,501116.4,654977.1,895486.7,794294.2,760529.4,1425354.3,357140.2,814648.4,1021125.2,624010.6,420423.9,1055612.4,596898.8,906071.1,723829.4,1224277.5,740094.1,1649862.4,1129403,443457.4
"1-heptadecanoylglycerophosphocholine",171263.9,218827.7,194982.4,229662.9,221836.4,207286.5,244916.6,200946.1,267288.8,165520.3,175322.4,187423.4,508299.3,402721.2,360122.6,305492.4,156838.2,170742.6,165614.8,239731.4,170458.9,145442.8,123761.2,225699.3,302299.4,253151.7,228776.2,134569.9,220070.7,200815.7
"1-linoleoylglycerol (1-monolinolein)",,102997.9,155530.1,122868.4,46006.6,,99493.3,61952.7,,53139.2,94725.4,40129.1,52908.4,,69480,37499.5,,41854.5,41324.9,45534.2,77492.8,61668.8,49573.6,57306.3,102624.4,50810.2,127950,57406.2,38775.9,105899.1
"1-linoleoylglycerophosphocholine",7990094.5,8629449,8130114,9632051,8621286,8885982,9250172,7816039.5,8250459.5,6962285.5,8698115,8886108,9317644,8561897,9121455,10853578,7020875,8101506.5,9185822,8290754,8536803,10708287,8354507.5,9327905,10212348,10593564,10547075,11704138,10918873,7591541.5
"1-linoleoylglycerophosphoethanolamine*",775971.1,2594854.8,1978755,1507712.6,1964260.1,2639942.5,1527306.3,2458937,1975329.5,1853215,2438065.8,4884783,1849307.1,3214709,2554552.5,1243339,3648436.8,2061365.9,1240790.1,1729583.5,1492762.1,2405370.5,1911636.9,4247879,2344823.3,1108856.5,6671974.5,1145695.8,1006743,686711.1
"1-linoleoylglycerophosphoinositol*",97032.4,74521.6,63598.8,32222.8,81107.1,42554.4,57371.3,83263.5,39987.8,53221.8,122128.4,89163.8,105062.5,100258.2,99816,52751.1,103401.4,48728.5,104017.8,72324.8,80454.3,111045.5,58492.2,105133.6,65170.9,40022.2,83833.9,69882.9,82644.2,61080.6
"1-methylhistidine",1039255.7,250939,132504.7,434792.9,399717,290594.4,244363,663376.9,496426,414500.3,406622,298989.5,434864,386342,569667,431822.4,228292,341325.5,477546.2,350237.3,425449.4,446902.4,328954.6,263075,339014,413084.7,254771,364149.8,644424.3,397354.8
"1-myristoylglycerophosphocholine",127913.9,102405.8,95709.5,196884.7,141540.9,103692.4,153561.2,136910.4,200296,157367.9,146129.3,223420.6,262993.4,246309.5,119717.2,189100.8,118842.2,106681,152068.1,122244.7,99981.5,210740.2,135931.4,162108.8,156070.2,131767.9,164800.1,120896.6,203654.4,116978.3
"1-octadecanol",164701,103630,161057.2,198696,139018.5,120973.5,187139.8,116705.3,199459,102093,205530,131264.4,153132.7,261549,153634,182551.7,176919.8,192321.6,253095.6,107380.2,138302.5,125977.4,177290,233155,134157,178334,133176.9,250000.7,416812.6,108830
"1-oleoylglycerophosphocholine",3268276.5,4403234,3684711.3,4982193.5,3418920.8,3990986,5337128.5,3513928.3,4470680.5,3567942.3,4099654,7140204.5,6477925.5,6370768.5,3978603.5,8860967,4450424,4574949,6834635.5,4061293.3,2688434.5,6977497.5,3787134.3,6423834,3576467,7242602,5786200,6697337.5,8512697,2660469
"1-oleoylglycerophosphoethanolamine",387884.2,299450.4,388391.8,402873.7,371149.7,364932.2,425910.6,271671.7,407674.4,222151.7,713735.4,1082150.4,1093758,688945.1,300220.3,415726.6,1099275.1,468938.3,799891.6,235731.4,206232.1,590016.7,687851.8,1097556.9,765425.3,362084,1130964.8,265914.4,308967.5,315935.4
"1-oleoylglycerophosphoinositol*",37365.4,55087,53675.3,52934.7,33612.5,50692.1,43491.7,38940.1,34893.4,39384.1,50917,54450.7,51313.2,57759.7,42199,33577.4,93625.7,15814.1,55711.3,33936.6,20387.7,48571.5,33807.1,69944.5,,,45394.1,,38258.9,25379
"1-palmitoleoylglycerophosphocholine*",483827.3,498910.8,371989.1,761715.7,504717.1,521869.8,685919.6,566785.8,787993.7,468584.8,435434.2,1356348.3,1221341.6,947527.1,516434.2,999285.7,754996.9,512134.6,1253595.4,484236.1,311886.1,1346085.6,741570.2,975743.5,533521.4,686110.9,692384.7,640764.3,1451185.1,350411.9
"1-palmitoylglycerol (1-monopalmitin)",259793,528209,266066,323817,376077,331135,322187,257010,206097,279977,245482,385970.7,317198,233579,261677.2,226378,262948,231040,380718,274826.4,244110,380366,314310,186448,225571,267472,173538,275511,422418,173523.9
"1-palmitoylglycerophosphocholine",5995225,6905776,5922094,6517974,7439582,6771246.5,8263054,5610217,6338665,6417540,5597367,7517600,7168300,7055986.5,6836356.5,9881981,4723013,6080837.5,7349919.5,7184001,5413039.5,7388369,5744512,6708768.5,6793541.5,9169983,7409743.5,9703252,9029497,5897673
"1-palmitoylglycerophosphoethanolamine",344058.9,493166.2,415867,444717.3,424139.1,472895.9,359073.6,349894.6,465451.8,296356.1,669196.3,1052082.8,697933.6,719553.4,556808.9,619825.8,813881.5,567111.9,663438.3,437749.3,506383.9,549285.2,684304.5,1133755.9,875482.6,465933.8,946097.2,355203.1,368132.1,459473.2
"1-palmitoylglycerophosphoinositol*",28246.6,24452.9,27241.7,22439.1,28041.8,,24136.1,26806.4,22251.7,17724.1,34637.2,48347,46740.3,25229.2,33368.5,,29499.6,18204.6,45001.5,19799.8,17279.1,30477.6,21513.7,22754.4,20947.9,16298.4,22086,,30136,
"1-pentadecanoylglycerophosphocholine*",81231,96247.8,100815.1,84132,120371.7,72259.3,135110.7,74833.9,117862.9,96586.5,86295.6,73357.8,129079.5,84419.5,122866.5,85290.3,77010.4,78958,88731.1,119723.5,96125.1,54474.5,66600.4,57518.9,99841.8,85245.1,82806.8,,110177.5,145631.5
"1-stearoylglycerophosphocholine",2573964,2974990.8,2903850.3,3684495.3,5071544,3174524,6765721,3891894,3499193.8,5188650.5,2607930,2066347.8,5516851,4295671.5,6411036.5,5390261,2590649,3255531.3,4531454,2377060,2764311.3,3815514.5,2381458.5,6073688,3317405,3919364.3,5594001.5,9311342,4512178.5,2301482
"1-stearoylglycerophosphoethanolamine",651261.8,607774.6,669512.5,662904,552376.3,573781.3,632214,434389.9,644207.8,345561.2,672392.4,1375334.6,1254566.8,1007681.8,535915.2,804074.6,1366641,933772.1,1400289.3,316039.8,484676.1,818639.6,836446.2,1464337.9,840538.1,703258.8,1107932.3,610061.3,521873.3,525142.8
"1-stearoylglycerophosphoinositol",195126.3,319876.1,329329.8,309140.6,190130.2,195756.2,263317.4,389731,216939.1,230761.2,213132.1,128027.9,86666.4,136719.9,310266.4,99516.7,133063.8,110260.1,137038.1,96935,103825.7,108158.3,64765.1,117231.8,76044.1,65182.9,85822.1,70013.7,87762.6,46758.5
"10-heptadecenoate (17:1n7)",743920.3,946720.3,789642.4,932646.8,910465.3,964998,915514.7,1177384.3,769986.6,835909.7,504361.6,685503.9,824592.6,532753.6,651320.8,417776.8,736857.5,566161.7,510126,446864.1,396700.6,388390.1,599303.4,496089,444604.1,414085,443064.7,323858.5,468451.2,528467.1
"10-nonadecenoate (19:1n9)",275634.1,429918.1,304519.3,424392.2,359817.3,336356.3,285965,400136,242184.6,261944.2,100742.9,149388.9,199373.1,157594.7,150738.7,112075.3,213704,136120.1,124334.7,89521.5,144190,74631.6,126718.1,156151.3,117580.7,128477.9,115073,77933.2,155245.1,144994.5
"10-undecenoate (11:1n1)",72089,61322.9,57275.8,62280.6,72045.7,40225.6,101665.6,80129.5,51817.7,68576.3,,,18000.9,15311.7,,25627.8,21769.6,,16788.9,,15696.2,17201.6,,16118.9,17514.7,17179,,20014.5,15463.7,18972.7
"13-HODE + 9-HODE",374398.3,639889.6,636033.5,339639.8,317635.3,507541.1,376847.8,623078.2,357868,368983.4,117820.8,148892.5,131025.5,102975,90675.8,101592,141668.2,109555.5,108944.1,124799.1,85356.2,64116.3,111521,120363.3,174818,100387.4,172742.3,85968.6,88196.5,91047.6
"13-methylmyristic acid",1132360.9,782403.5,1214080.3,1010560.3,942173.2,752386.5,1237424.4,836769.8,1147714.6,1197678,1315672,1002856.5,1087704,1280164.8,1213165,1142080.8,1219159.5,1212559.9,1165966,908198.6,1108626.5,911263,1079245.4,1137848.3,,1099963.1,1179038.3,1096920.9,1061061,791979.3
"2-aminoadipate",49958,45270,20570,42869,28988,36801,36287,193956.9,60520,71246.2,74278,,,40571,,16619,25187,62153,83058,45932,37517,,23721,14298,,,16687,36100,75055,24422
"2-aminobutyrate",70707.5,68938.2,56131.1,47497.9,56604.1,57101.6,108539.6,61959,45864.8,54555.9,82887.7,90235.2,40944.2,65582.9,57746.2,60913,88019.1,53142.5,66688.6,60206.5,140436.2,156557.8,51848.8,117057.8,48424.9,65577.6,174267.6,77802.4,60658.1,102776.3
"2-arachidonoylglycerophosphoethanolamine*",28063.6,133060.8,101197.5,82429.5,68152.4,118632.7,87743,109262.2,63310.8,,45791.5,85554.9,36968.1,75465.8,53144.5,36939.1,,90454.1,,56604.3,65039.4,72235.2,59989.5,121207,87485.2,38991.9,116602.3,50718.5,34642,
"2-hydroxybutyrate (AHB)",1633366.3,2357922.8,536709.4,1320050.6,1018250.3,1625359.4,1850678.4,1696616.8,1559592.1,1831663.6,2428978.3,1502176.3,839741.5,2199270.8,280597,1266143.5,2163442.8,2031766.8,3088710.8,1736251.4,1496409.6,2568869.8,1051944.9,2034843.8,441405.1,1899919.9,2533974,3349129.8,2512067.8,1368129.8
"2-hydroxyglutarate",26858,,31411.1,,22432.8,,28933.9,30230.7,26695.2,19616.9,20612,14297,66590,26876.2,29992,20803,70742.2,32761.4,36040.1,22367,20439,37721.1,76695.2,,15533.2,28057,27754,,50259,
"2-hydroxyisobutyrate",241174,213071,248849,181751,310227,133646,197260.3,244874,154486,335012,255926.4,297396,317177,209812,136111.3,,404644,269113,166977.2,110504,238959,180576,,210055,176714,,385564.9,182164,173752,300740
"2-hydroxypalmitate",888711.8,687494.1,687165.3,657137.6,732639.1,668590.1,887052.3,753529.6,655650,740740.9,720969.1,900825.9,607343.8,505979.7,618869.6,572413.4,1037904.9,777156.3,721253.1,488633.1,695292,734993.8,585098.2,576721.9,581256.7,612533.4,702375.3,623427.9,679655.8,574472.5
"2-hydroxystearate",166173.5,263087.8,179014.5,201404.3,200197.8,230226.5,239690.2,234431.6,250610.4,245060.4,164637.8,387883.5,120670.5,163962.3,258189.7,148211.7,283614.8,205728.6,262891.9,169354.4,171066.7,228047.1,106031.5,184392.5,147950.9,212947,217538.2,231385.3,213511,157552.1
"2-linoleoylglycerophosphocholine*",1145683.5,1215934.5,945687.9,1594639.1,1375752.3,1148617.3,1154440.8,1065933.1,1549549.8,821782.3,1170025.5,1435788.5,1659309.3,1615738,1065217.4,1447230.9,871628.4,1049334.6,1218069.1,889500.6,1186090.1,1753948.6,1247444,1748540.5,1779996.3,1513490.4,1747134,1940453.9,1785540,1002758
"2-linoleoylglycerophosphoethanolamine*",75835.2,279585.5,192169.7,135301.5,181561.7,331957.9,163010.4,202508,193452.1,110222.7,277208.5,623833.8,167914.8,290263,216949.5,131215,328808.1,214985.1,122017.1,201292.8,144534.3,304936.3,214945.1,420499.8,226477.2,122347.9,658986.6,110593.9,106746.1,48600.4
"2-methylbutyroylcarnitine",48538.5,63773.6,60916.6,76886.3,66543.1,56004.8,74101.4,56843.8,50287.7,40996.3,109403.6,85072.7,105949.3,93040.4,96156.4,63282.4,98180.8,84856,73725.9,86781.6,117015.5,57727.7,117069.1,100420,148401.6,66880.4,147061.1,82282.9,62933,88758.7
"2-oleoylglycerophosphocholine*",258881.3,289140.5,236308.5,266782.4,317170.4,324538,473660.8,173925.3,296456.9,297385.4,250326.5,580960.5,648082.3,483142.4,262853.7,812389.8,326093.7,293324.7,573733,301973.2,150425.8,521989.2,340131,489775.2,211903,598878.4,551456.3,610638.7,602331.4,175013.2
"2-oleoylglycerophosphoethanolamine*",18639.1,37328.6,40458.3,41139.3,34399,66216.5,45794.5,32484,48890.1,26598.4,69990.3,90985.5,73881,48964.1,30802.4,25080.9,81840.5,23128.8,60696.7,39393,,41446.3,59553.1,93117.1,37379.9,32171.1,127022.4,26338.4,28192.9,28201.3
"2-palmitoylglycerophosphocholine*",1007754.8,1275611.6,1020926.6,1284104.8,1344716.6,1184253.5,1262100.6,915871.7,1445069.1,1167365.3,1042232.3,1762079.6,2097368.5,2146774.3,1276996,2434193.5,872636.4,998750.3,1433524.5,1079348.8,869119.6,1437810.3,967185.5,1663342.3,1395378.9,1907839.5,1601538,1410024.9,2008079,940427.6
"2-palmitoylglycerophosphoethanolamine*",39263.6,109657.6,63227.4,91792.8,56864.8,78963.5,57086.1,76637.4,81825.6,57511.1,98991.4,229282.9,67841.6,124038.2,75487.4,59096.7,116064.2,96727.6,46615.4,85367.3,49745.6,70263,101158,245230.8,101357.4,35245.9,202865.1,30132.7,30062.6,33637.5
"2-stearoylglycerophosphocholine*",493628.9,719511.4,726945.1,982731.1,677998,707136.1,803171.6,739914.1,967858.9,599549.9,612914.4,536491.3,1136918.5,1550244.9,784514.3,1374523.8,487781.2,769998.6,804825.7,550744.1,526800.4,758410.3,527988.3,1250367.3,773933.5,1056153.6,523400.1,830499.9,961251.4,606724.2
"3-(2-hydroxyphenyl)propionate",,,,,,,,,,,20806.7,,,22476.4,,16080,16136.9,21699.8,,22187.2,18218.2,,,,,,16705.4,,,
"3-(4-hydroxyphenyl)lactate",115042.7,125924.9,93360.5,146330.8,84554.8,132772.5,109602.2,112808.1,107047.4,66983.3,97266.9,63267.2,82351,129440.9,75343.6,123503.9,110403.3,147397.8,94818.9,91460.4,108046.5,78034.8,128553.6,95463.7,111045.6,128744.9,182660,94966.7,95457,113797.7
"3-carboxy-4-methyl-5-propyl-2-furanpropanoate (CMPF)",16390.6,,,16360.7,15276.5,18705.1,,,,,250633.7,212782.4,93231.8,256442.6,246665.5,286633.3,238985.2,332046.4,228062.4,307036.8,317527.5,237601,164016.7,291577.7,292306.5,258651.8,239408.1,284213.3,252267.2,326074.7
"3-dehydrocarnitine*",24606.9,17954.8,27318.9,22304.5,,,24067.2,24937.7,,17361.3,58222.3,44085.2,58453.6,51107.9,46203.6,48235.6,72277.2,104865.1,52528.9,65386.3,75174.7,35529.7,137250.9,85286.3,34804.1,44667.6,143674.9,80145.8,43446.2,58355.5
"3-hydroxy-2-ethylpropionate",23619,,,,19271,,18922,,,,52217.5,28093,75603.6,,24249.2,16752,89452,34834,51949.9,28372,27780.6,,,60900.2,28701,15696,66526.6,31233,60155.1,26429.1
"3-hydroxybutyrate (BHBA)",1654039.3,2097814.3,1307171.3,1665463.1,1857462.6,1660229.6,2497371.8,2230299.5,1266436.4,1851062.9,2251064.8,2453402.3,3507757.5,1792299.1,978043.1,1621761.8,4816397.5,2074282.8,3807974.5,1627010.8,1499902.9,1868810.3,3586038.3,2287103.5,905958.6,1996540.6,4677747.5,2574838.5,3662150.8,1282509
"3-hydroxyisobutyrate",348655,301055,142416,351710,220265,252870,253267,391703,269370,288055,760968,282651,431837,570700,246535,370102,653417,594648,641397,552099,396265,389313,484389,490177,213369,469528,635750,546368,713226,654666.3
"3-indoxyl sulfate",1099416.4,733411.7,962537.8,584152.9,1056426.1,635048.4,851071.1,463394.9,807258,620949.6,1926682.9,1011131,1344657,1251799.4,1770292.5,1416664.3,1941874.1,1263921.4,1302976.1,1620227.3,1428851.5,1356414.8,1736432.4,1244727.6,1415587.1,1872133.3,1276371.8,1086819.5,1341727.8,2110677.8
"3-methyl-2-oxobutyrate",88484.8,76008.9,47554.1,66131,55918.8,158998.3,89855.2,80685.1,124043.5,91486.4,134338.8,117375.6,97201.8,133334.9,55413.6,148009.9,114829,128850.3,167107.3,69947.3,110241.9,102867.8,121931,174481.2,95497.3,190740.3,134773.5,113554.8,201003.8,105698.9
"3-methyl-2-oxovalerate",708686.8,587196.2,366819.4,457902.5,377654.4,805628.9,479584.9,448705.9,677023.2,416114.6,656002.1,484161.1,514284.1,760072.5,342186.1,539347.1,604368.6,718453.9,1032768.2,506500.7,646515.6,631084.2,617160.5,612427.3,503249.2,712205.1,666335,593872.4,755672.4,520633.5
"3-phenylpropionate (hydrocinnamate)",53320.3,60755.6,34482.7,56995.3,71436.6,34775.7,50740,30771.8,69232.9,26091.1,123828.3,302972.1,149768.9,143632.5,166800.9,91058.3,282249.3,131822.2,219443.1,168271.7,100258.2,232923.5,193072.2,243255.3,269253.6,166842.4,262049.9,105625.8,174575.3,99461.1
"3-ureidopropionate",24895.9,32598.3,38361.1,22523.8,32168.1,20916.1,35100.4,47312.6,42815.4,22718,23760.2,35045.9,48729.5,36528.1,41597.3,24145.4,59484.7,51645.1,44845.4,48351.5,46820,40939.7,69958.3,35119.5,32528,29876.5,49816.2,55559.8,45587.5,38407.9
"4-androsten-3beta,17beta-diol disulfate 1*",43579.1,33686.1,48207.2,28780.4,22188.4,153035.3,149627.7,45603.1,18856.7,67955.1,51019.1,60272.1,52355.5,32820.7,,371461.5,139469.8,68093.6,33173.5,117180.9,30084.3,33875.7,77554,40889.7,,271568.9,56818.1,98566.2,31101.1,84310.9
"4-ethylphenylsulfate",,,,,,,,,,,844252,1042902.8,542634.8,792359.1,716138.3,242070.3,1297050.9,1119770.9,823950.1,948978.6,257986.3,1232663.5,1186512.3,678234.5,1442836.3,941978.9,2611896.3,738937.2,714977.4,823346.8
"4-hydroxyphenylpyruvate",,,,,,,,,,,,,,24149.8,,,,17332.6,,25030.5,21068.9,,,,,15534.7,31425.7,,24788.5,33843.9
"4-methyl-2-oxopentanoate",793978.9,565995.9,327815.3,517889.6,473020.4,832856.3,529767.3,531897.4,858714.6,397484.9,1006516.2,462368.7,732363.5,1283735.8,451634.2,781523.7,920477,964887.3,1404222.9,750678.2,890179.7,898502,1014263.9,838473.8,736196.3,1258685.3,1186357,923524.4,1249406.5,829173.4
"4-vinylphenol sulfate",,,,,,,,,,,179894.1,78126.3,83575.3,162339.4,163357.6,125528.6,206241.6,200270.9,167839.7,154379.6,117646.5,85113.6,95418.8,82450,106985.9,93060.5,917147.8,80783.2,82697,97825
"5,6-dihydrouracil",48219,,,40589,,,41899,,,20370,79063,33797,52420.8,31402,27612.2,53475,51881.1,80872,81963,18273,14912,38277,38434.8,42904,,54040.2,36252,36504,50118,32135
"5-dodecenoate (12:1n7)",79707.7,80297.4,95772.3,142733.4,71523.3,64932.1,126283.6,91520.1,78012.6,63445.3,49718.1,66320.8,61249.4,63570.5,62648.7,61321.6,70206.6,43542.9,71075.4,30741.3,52308.3,44950.2,37007.6,65236.4,49500.8,35398.3,39475.9,83982.1,61289.4,43486.4
"5-HETE",384885.5,326949.8,476850.8,500934.7,229916.3,212700.7,408241.6,237921.8,404990.6,169520.1,143688.9,68999,,119819.3,178249.1,175295.7,,176065.3,216111.7,83270.8,53561.4,22987.9,19316.7,49814.1,109473.5,68101.5,24038.6,64074.1,69181.5,35980
"5-methyluridine (ribothymidine)",19366.7,24085.6,17815.1,,,20694.9,19704.7,,,15533.5,15336.5,,,,16002.3,,,,16218.6,16947.1,16156.5,16780.9,,,,,,,,15019.5
"5-oxoproline",115999.3,94088.8,82909.2,110563.4,102599.4,107156.9,89477.2,94248.6,81618.1,101882.5,103534.1,88326.2,115820.6,110036,98052.5,109124,73581.4,145783.9,113873.3,108246.8,90791.6,95090,95678.3,104596.6,92869.7,91680.6,87091.3,87118.3,62284.5,95306.8
"5alpha-androstan-3beta,17beta-diol disulfate",24512.9,,29237.2,,29066.4,27378.2,50714.2,23043.5,,22094.2,35987.7,19466.9,48722,23187.7,37338,47587.8,74627.3,69484.9,22639,33128.7,21518.3,24198.3,57483,38693.4,26096.1,50179.3,62148.4,69879.1,39360.3,44819
"7-alpha-hydroxy-3-oxo-4-cholestenoate (7-Hoca)",200466.3,291773.4,252415.5,207116.2,155531.5,233549.9,308018.2,220821,252375.4,203250.9,186197.3,348583.6,236703.2,191195.7,202920.2,160378.6,295846.6,184242.9,132047.6,209611.9,190341.6,210134.3,223236.6,180417.7,153306.3,180328.5,262392.8,178764.3,180945.8,250734.7
"7-alpha-hydroxycholesterol",12883,15137,,,,,20004,,,,,27308,26795,,20246.3,9724,23832.9,12687,8012,,,,20167,,13331,5706,,,24010,
"7-beta-hydroxycholesterol",33881,19986,,27877,35004,15360.2,32514.2,,,9442,18746,,27428,22053,24928,,,,,,,8692,34736,20713,20680,,8852,,,
"7-hydroxyoctanoate",16639.6,20550.7,24340.8,32008.8,,21204.1,31216.7,18239.4,20597.4,,,25923.4,19319.3,,,,,31509.9,24026.8,,,23055.3,23066.1,20798.6,16881.2,,15835.5,17940.1,22179.6,
"acetylcarnitine",1063141.3,1720587.4,800487.3,1233076.4,1430734.4,1047000.5,1095697.1,1035018.3,1213987.5,789482.4,875187.2,1825569.5,627303.7,1024068.9,923564.6,1064345.3,1308481,656816.9,1131654.8,769211.7,2255876,1320937.5,1875553.9,1417534,1466329.5,1379836.8,3199650.5,1662777.3,1462862,1192077.8
"acetylphosphate",787812.7,717803.6,625508.7,1045208.6,518582.4,799324,1176500.5,594701.7,654587.8,514532.8,594668.4,647065.1,591195.3,756646.5,428417.8,936630.6,820783.6,665803.6,1026039.1,367488.4,509052.7,499626.4,690787.7,818320.6,573010.4,879407.9,668603.8,697253.9,770548.8,524462.3
"adenosine 5'-monophosphate (AMP)",18825.6,33354.1,,,47871.5,,,,,50224.3,,15951.2,15921.1,46004.1,24025.9,23084.3,27031.8,33426.1,31992.7,17191,,21908.3,42675.2,35899.8,22762.1,29357.3,45834.1,,24503.5,136158
"adrenate (22:4n6)",774971.1,1051988.5,915309.3,1519199.9,1062231.6,989299.8,1203251,1370203.1,888613.7,802351.3,218455,745841.4,227304.7,832284.3,559848.1,616415.3,297556.7,583822.9,885308.3,410509.1,763571.2,459428.1,422645.7,675974.3,556694.9,753452.8,502167.5,507408.5,250461.8,906581.3
"alanine",8817785,7286074,4862960,8155674,4682233.5,6605807,5367763,5487494.5,6088201,8099270,16026459,9221235,8899326,11077142,6754392,8342345,10182677,13529860,10970042,7258073,11012649,7523629.5,7349537,7749477,9122738,7256475,14569645,6311051.5,8600189,16625655
"allantoin",404784,307336.7,259315.6,381502.4,325340.8,319820.9,324879.8,461921.4,358794.4,437540,282919,116251,210101.5,231399,212749,183422,287826.9,289035.8,250293.7,214540.5,192278,174180.3,216186,131614,80069,196513.1,45492,231064.5,239174.9,295648
"alpha-hydroxyisovalerate",112275.1,100542.4,65668,94813.5,84808.2,75448.5,117727.6,77813.9,124946.4,68914.5,80932.9,73792.5,85528.4,91166.2,76983.5,104564.8,122695,101120.2,113347.2,99687.5,60082.3,114290.8,93167.3,122580.1,58383.1,104885.2,107452.4,102544.7,126132.1,63841.3
"alpha-ketoglutarate",13410,23559,,,19229,47477.9,32251,87136.3,41603,,83207.6,,,38798.5,,,28571,79803.3,80561,25593,,19352.5,57021.2,54406.6,,,,35688.9,63929.1,48720.6
"alpha-tocopherol",473540.1,235757.4,263791.8,734463.8,25177,515677.3,879989.3,178463.9,679772.1,366524.5,477001.7,398565.9,415821,692208.3,394805.6,724283.2,567689.9,369845.3,1075627.1,495060.8,573871.3,479762.6,471350.3,734117.2,663592.1,749592.4,333281.4,373653.1,1065368.3,492880
"arabitol",33006.6,,8305,18670,,,10348,,,20986,26493.7,25236.4,32340,17164,45159,11951,50089.9,28981.5,47216.6,28548.3,,36781,38230.6,,27609.5,,38943.9,,37545.6,48168.1
"arachidonate (20:4n6)",1511986.4,1951082.1,1565165.9,1916239.3,1447905.3,1514215.8,1764716.8,1994481.9,1402952.1,1632730,928324.4,1168730.1,974447.1,1276511.8,1516457.6,1223304.4,1041685.9,1642610,1465255.9,1113277.5,1243086.4,1223533,1118010.4,1522513,1237885.9,1340923.6,905550.3,1335763.3,1308155.8,1567367.8
"arginine",55385.6,75708.5,66133.2,85221.3,41964.7,57428.7,58691,71051.2,55291,48311,124825,125760.7,116723.3,136482.8,59943.4,103278,89100.9,97998,81514.8,126522.3,123332.1,97584.9,140656.7,76723.8,111472.9,74100.4,85923.5,75095.7,77298.5,79864.7
"asparagine",125678.3,,84008,198845,54900,264421.4,79204,62821,90347,99219,494257.1,,213859.6,287471.2,228164.5,275933.6,65389,483434.6,184490,312692.7,418240,70970.8,427219.4,177782.2,425329.5,363090.9,298754,229540,206364.2,559635.3
"aspartate",1703501,1460080.8,1135880.8,1506129,1657316,1048979.5,1490745.1,1668819.8,1236480.8,1447540.5,3331400.3,2068770.4,2553329.8,2012459.3,2160897.5,1458795.6,2826738,3359862.5,2320415,1608762.8,1536712.6,1639522.3,1711793.3,1396820.1,2087778.4,1271507.3,2662041,1847289.6,1799693.6,1960141.8
"azelate (nonanedioate)",20999.3,21130.3,22585.9,22786.8,19684,17168.1,20664.9,22658.4,21794.1,21924.4,20680.7,16518.9,17729.6,21865.7,24589.8,15587,19541,20221.9,55845,17477.5,20410,,15258,16238.5,21560.5,16287.3,19722.4,15159.9,15594.4,21405.2
"benzoate",838217.8,821815.9,1054376.5,946529.9,673186,689070.3,996239.3,647449.8,1039475.3,716196.8,1072492.3,918233.4,1037574.4,1060417,735436.3,970725.1,1039908.6,846351.8,1177345.4,637535.8,759258.6,873807.3,908049.4,1068608,862184.2,878618.3,889623.7,1244379.1,1689101.1,833023.6
"beta-alanine",34898,,22193.9,44552.2,29992.4,,33299,,32080,32679,60703,20200.3,36219,53915.6,16429.2,51740.1,24038.2,78022,68829.1,23348.4,28208,45878,27822.6,40587.4,36257,66217.8,,35691.8,51740,89306.1
"beta-hydroxyisovalerate",36569.2,,36412.1,29132.7,51191.5,25289.7,34620.9,23506.2,41175.9,23742.4,85693,30237.8,,52480.8,,51037,75823.9,24318.5,35987.6,44375.9,94141.6,51643.3,49718.1,36513.4,47087.2,62243,73870.8,67274.3,84443.5,49614.3
"betaine",1110357.4,1131909.6,1624725.3,950530.8,1114870.4,1632270.4,1984196.4,1025871.6,971627,1281462.6,838355.2,1705970.4,2927057,1702477,1368179.9,2244116,2972251.5,1679090.1,1589676.1,1865805.3,1291396.6,2009821.8,2676357.3,1887906.4,1837018.4,1151599,2869710.8,1189967,805472.9,1480407.9
"bilirubin (E,E)*",219372.8,192381.8,174495.6,501187.8,268815.9,169061.4,297904.3,140224.5,244346.5,77401.7,84949.9,87668,119136.3,237532.2,164279.7,99691.8,96555.3,93547.8,81846.7,70014.8,166185.8,155686.2,205862.5,149830.6,144353,116772.9,119043,200922.4,123450.9,138114.9
"bilirubin (Z,Z)",,,,,,,,,,,,,,,,,,,,,22856.4,,,17579.2,,,,25566.7,16735.7,
"bradykinin",2215764,1781454,2117624.5,1461641.8,3259178.8,2000346.4,2350585.3,2095263.4,1141279.5,1927178.4,4459738.5,1081223.6,1901796.9,862614.1,4588834,2202020,1541739.1,3331502.5,2681585.8,3136527.5,2747468.3,1235451.1,1374280.9,803741.9,1273518.9,2029183.8,776522.1,1932272.3,3258745.5,1301991.9
"bradykinin, des-arg(9)",691071.1,557221.8,282723.9,205366.5,651415.7,657310,233797.1,443558.2,531966.3,466639.2,652342.4,812444.9,337577.9,406579.4,633202.7,700454.8,527551.9,558694.3,758658.4,417946.2,913150.4,1009491.6,402695.6,741355.9,944591.9,683881.1,495782.6,621791.2,1056712.5,457175.5
"bradykinin, hydroxy-pro(3)",1992618.5,1965759.4,2428020.5,2019885.8,1716459.8,1187548.5,1119622.5,1858765.6,2330894.8,2388205.8,1720823,1631306.8,2301626.8,1783035,1848198.1,1193057.3,1446241,1701871.8,2285538.3,2409567.3,1355762,981415.1,898133.3,1153131,1419860.8,1053619.3,909602.1,1025124.4,1308485.3,2042213
"butyrylcarnitine",54851.7,40122.5,,34355.9,39203.9,,23430.1,33077.3,,,111965,96238.3,,50960.7,,88689.9,43966.5,58977.6,116468,50981,176191.4,82002.7,115376.8,93208.8,111318.4,92232.2,237989.3,114142.7,89437.9,37400.8
"C-glycosyltryptophan*",55019,45639,70352.4,54661.6,45176.3,46679.9,60940.3,47488.4,37099.6,36253.6,34073.9,40862.9,41678.9,38639.4,34576.7,29535.6,43986,44240.3,34029.3,39951.5,46279.3,39461.5,61388.8,31462.7,40419.3,23882.1,36695.3,34040.9,32302.7,38365.5
"caprate (10:0)",878628.3,1088854.1,1416740.4,1122818.6,814561.8,860892.2,1349358.9,891627.6,1348379.9,691799.9,1084808.3,984232.9,1233700.1,810725.1,893786.3,705011.1,1189966.4,736908.4,1046165.1,601396.5,872696.3,1045704.4,827509.1,1101429.4,1087703.5,806132.7,858629.9,1252758,1189838.5,697712.7
"caproate (6:0)",101321.1,111123.7,140656,111889.4,102143.3,90229.9,141598.3,137603.9,117661.5,92101.9,102823.3,107834.9,120877.1,101449.1,92400.8,69892.7,131797.4,79246.3,94465.4,64552,79932.1,92669.9,79431.6,113818.4,91874.7,72724.4,82299.6,109372,101809.5,66075
"caprylate (8:0)",301888.1,370057.1,456812.1,346540.7,247854.7,273298.6,430250,291842.6,360597.2,217313.1,323768.6,383856.4,541150,255299.1,264840.1,216851.9,571792.3,244849.9,374482.8,167188.4,269146.8,327253,269759.4,378909.1,314476,251094.1,278743.6,419552.1,402094.5,200122
"carnitine",5034169.5,4661868,3266352.5,4936883,4317372.5,3358618.3,2976765.3,3265053.5,3247349.8,3595609.5,4411968,5007951.5,2222433.8,4156738.3,4307574,3429596.3,1846081.3,3546245,4263686,3742174,5337413,2806820,3855914.8,4861753.5,4748156.5,3827710.5,3464889,4785527.5,3975684.3,4166422
"carnosine",249379.4,228172.6,166293.8,,168297.8,71597.6,207076,110865.1,174400.3,144960.7,172585.4,159265.6,199805.8,,175903,96006.6,174526,152156,155669.8,165534.4,195264.8,209797.2,220381.5,,149994.4,79181.2,198805.7,127733,159250.8,195239.2
"catechol sulfate",24348.9,25584.6,44758.6,67918.5,37006,54028.3,37533.2,25226.7,67498.2,20895.9,143022.4,299561.1,322866.9,322853.1,190040.8,129073.7,464745.8,164628.2,177020.3,236255.7,286246.3,237756.2,356432.6,314622.3,643739,103840.5,1210472.6,182333.3,114212.3,121795.5
"chiro-inositol",,,,,,,,,,,,,,36461,24248.5,,36066,73204,,41317,19096,42527,49229,19223,77126.2,,208873.3,,66375.9,35549
"cholate",,,,,95568.9,123372.3,,,,,,171620.6,142795.4,39380.6,,62204.3,39495.1,99548.1,51490.9,22921.3,17167.8,169694.5,525911.4,18158.9,719101.4,44782.2,2742344,17418.8,75473.6,
"cholesterol",18066746,14387436,14946059,22229104,14169257,16456751,21137554,14929505,17752646,14255110,17895944,15827109,20217210,22653726,15676314,20278672,20418614,18797812,28180288,11526050,15976915,15841418,19348366,23476672,14027579,21073994,16138535,18692170,26343538,12081776
"choline",265446.5,292123,266600,253944.7,353810.8,245647.3,275939.1,180923.5,241112.4,296628.9,284225.6,353982,331486.6,242414.4,335389.8,425531.8,524592.2,306426,308466.8,255734.2,324706.4,424558.9,375241.7,450468.2,435924.1,462085.6,555363.6,353906.9,316601.3,283233.1
"cinnamoylglycine",24962.3,27547.9,29211.7,37443.9,29772.5,26525.8,27531.3,27290.3,22801.2,,86718.4,199921.4,205714.3,129785.8,38359.7,139037.6,264307.1,154359.2,130190.9,56766.6,95238.5,163800.5,314243.6,164172.6,38175.4,214482.3,206023.5,116351.8,146532.8,23000.1
"cis-4-decenoyl carnitine",248473,241539,265276,204559.4,186849,141797.6,304677.9,183153.3,117748.1,150693.7,23730.4,56947.2,94698.2,68696.4,65144.9,63170.6,175636.5,40891.3,32451,50669.8,208124.2,76125,118762.5,78655.4,120455.6,56355.1,95554.9,79152.3,,87428.6
"cis-aconitate",263149.7,250462.2,237327.7,286780.6,260989.4,277504.6,341359.9,265830.2,196329.2,243235.8,300162.3,217462.2,331167.1,256975.7,240696.3,197175.3,342829.6,289364.8,231132.7,244972.3,266358.8,228178,346976.1,263705.5,239287.2,225996.8,358819.7,165652.5,232780.2,240759.2
"cis-vaccenate (18:1n7)",262140,511691.7,440611.2,1002618.7,377500.1,672068,501904.1,605218.4,558498.4,499273.8,321070.8,418213.3,820671.1,186924,132582,132443,232202,155179.1,246356,100205,125355,112354,205806,297586.8,,211219,193512.2,191220,305377.4,239818
"citrate",12587531,11662261,10363235,16610558,10288696,9331785,14534296,10931271,10404813,10011731,14966853,9950280,22628940,17873380,13666908,10686117,20850756,15875326,12915272,13630936,11555977,11000173,18260588,13640885,12700792,10296136,19593918,5208957,13346701,13520445
"citrulline",476109.9,402836.6,419749.3,486340.2,394595.3,380956.5,427935.7,376242.8,384261.8,436584.8,312181.5,253122.2,327263.4,293536.6,334619.3,225360,359679.4,349896.7,282449.6,306199.3,324950.1,305251.5,426473.6,324454.6,276143.8,205063.7,384438.9,254608.9,281235.3,275065.2
"cortisol",480753.4,653333.1,141032,488473.3,376191.6,706142.7,506568.2,656967.3,320869.8,439092.3,412854.3,452914.5,184042.7,311153.5,383717.6,375215.9,343841.8,248485.4,216117.3,425891.5,335903.9,209359.3,213075.5,192579.2,277421,400257.9,291284.2,373132.4,309510.6,308550.3
"cortisone",157226.7,130461.8,142695.3,149867.1,127599.4,197736.5,193175.3,156824.3,203724.3,168577.5,130662.6,112725.4,107238.3,116125.6,97028.9,149431.9,112276.9,95210.8,90102,141124.7,128991.3,111100.2,107449.5,97285,89526.7,161057.4,131512,79587.7,100734,159622.2
"creatine",339275.4,1055120.6,1246837.3,1277796.6,1604399.5,1023262.2,1639453.3,839880.4,1183933.4,770338.8,618014.3,1610693.9,1735797.9,1796447.1,2039837.8,2075068.3,1857677.6,1528926.4,1773315.6,1727720.9,522596.5,1531213,962239.6,1757920,1305641.6,1301151.6,1535804.8,1260259.8,1163612,919161.6
"creatinine",549982.3,609030.3,491466.1,379531.7,385771.2,463664.9,346806.1,486157.1,435844.8,407245.7,270140,315676.3,281636.2,236210.3,296961.9,253886.7,230112.6,335527,272916.1,300182.7,336795.8,335595.1,331932.8,251018.3,272240.5,243683.9,186369.9,330711.6,305996.5,354097
"cysteine",65466,51905,25857,32436,63517,63309.3,78865,75097.6,92957,49738,69430,105267,155771,110272,90421,29741,105923,78736,69428,76375,92817,138260,107211,105694,67981,104255,77866,89767,104405,66038
"dehydroisoandrosterone sulfate (DHEA-S)",187759.6,116475,196517.7,159367.1,93085.6,507120.7,167992.5,135292.4,202819.2,402245,120439.1,59996.7,87620.6,73572.3,34680.6,279502.2,53869.8,73512.2,101764.9,296548.3,73699.3,40136.1,149895.7,64929.9,38782.2,231617.5,47761.1,100542.1,85174.5,241207.3
"deoxycarnitine",362471.4,375760.5,218995.5,278775.8,275562.5,242577,250234,160471.3,190378.8,219795.7,222833.6,341189.4,198746.4,188648.2,248225,257036.5,178411.3,243452.4,207930.2,199500,373093,274570.7,338761,225978.1,423394.6,316169.5,543205.4,330808.4,223290.8,272275.5
"deoxycholate",1454294.8,710559.9,243950.7,1049310.9,1544439,721472.2,290386.7,176476.9,385416.9,975599.8,836325.1,2121431.5,473760.1,936655.4,885808.4,986199.6,1292790.4,394061.6,372737.3,643090.3,790923.7,1385921,225615.3,1166013.3,4035957.8,720433.5,2217458,333102.5,198925.3,450507.6
"dihomo-linoleate (20:2n6)",1806888,2321658.3,1827272.9,3147446,1775568.3,2142078.3,2161292.5,2625580.8,1588359.3,2058117.3,488541.7,651954.6,537038.1,766389.1,598875.2,586634.1,716735.4,660685.3,600272.3,593281.9,672680.2,405595.8,610627.2,1193701.1,585919.3,865299.5,506271.4,499714.3,798490.5,831596.2
"dihomo-linolenate (20:3n3 or n6)",971833.7,1124621.3,966004.9,1105032.8,944971.9,1029692.1,1182877.6,1146844.3,853054.2,890832.6,449990,545857.3,408160.8,644894.8,705403.9,548003.3,521728.3,784080.5,671595.1,543475,578712,460539.3,564751.4,823048.3,620143.4,733252.4,464280.1,552919.8,604103.1,690568.2
"dimethylarginine (SDMA + ADMA)",159905.5,172816.8,167942,225511.3,141308,131055.1,172992.8,172390.8,184152.6,136118.8,149044.8,158601.1,162789.2,152560.5,147870.1,104591.7,190363.7,178614.7,134184,134233.5,142299.8,146014.1,160234.7,121968.1,126929.3,111453.9,116328.1,163914.9,132895.7,154733.1
"dimethylglycine",127850,62671,,153463,,,306244,113908,,,150143.7,121637,,113260,246289,,301923,,231716,200442,138920,,208561,116782,187114,112358,481360,171959,298415.6,261071.9
"docosadienoate (22:2n6)",55979.8,100099.1,67531.5,79459,52614.8,80978.8,69086.3,145886.8,46546.4,63704,,47701.7,28383.2,17330,35870.4,16047.9,21990.9,21395,29130.6,22639,24173.8,35192.6,22353.1,44256.4,16606.4,40842.5,25876.4,27633,34168.1,24529.6
"docosahexaenoate (DHA; 22:6n3)",1038126.7,989498.8,816150.8,1091410.9,951699.4,846307.8,823331.4,710717.8,736036.1,860938.4,1167908.8,1447313.9,1218498,1579717.4,1674735.1,1382185.8,1322359.9,1732146.5,1644039.4,1349556.1,2253450.8,1092621.3,1466362.8,1782898.9,1644950.8,1954868.6,1020077.1,1266963,1589348.3,2274025
"docosapentaenoate (n3 DPA; 22:5n3)",797543.8,660323.8,373363,725343,486159.6,861519.2,487491.5,433491.8,351626.5,515783.6,377205.1,429087.4,396552.5,674567.8,596074.6,585886.6,597310.5,787760.8,567134.1,509156.2,966558,520367.3,651340.3,777778,463394.6,854642.3,451515.8,451333.5,571724.1,946899.3
"dodecanedioate",23222.7,27774.3,20932.3,21493.8,,16609,21011.4,30523.6,17909.2,21978,15337.6,,,,18614.7,,19237.9,,17348.6,18802,18725.7,,,,21016,17424.8,15448.9,,,
"EDTA",25513296,19490948,23144620,22773208,21062692,20411138,19663736,22522864,24755506,18552668,22419332,20732620,23396726,27248580,20897500,28022576,23358244,24101586,25718770,22815420,21350064,17200360,17058190,21163670,22365516,21265276,18284446,15691816,19266524,23142536
"eicosapentaenoate (EPA; 20:5n3)",402318,337856.8,401448.4,386989.4,380760.3,377176,328516.3,385693.3,399527.6,295281.3,623265.7,570050.3,555017.4,625483.4,576414.3,509132.1,479634.8,568983.8,698849.8,434806.9,470131.4,454586.8,430655.8,531399.5,518020.3,539003.4,542302.3,453549.8,486001,546230.3
"eicosenoate (20:1n9 or 11)",1389177.8,2026068.3,1848508.4,2377245,1337041.6,1724319.4,1578012.1,2150417.8,1191479.5,1582452.4,377290.9,565346.1,551001.7,483708.2,458253.5,505590.2,573397.8,348180.3,472332.7,292608.9,575175.6,248513.8,488459.7,758850.4,374884.7,718504.1,360252.1,337810.6,688043.2,449070.2
"epiandrosterone sulfate",58782.9,,58927.8,28331.7,60046.8,59119.2,34812.7,37403.2,30881.2,58311.3,39130.9,,40237.7,17868.7,36906.9,25218,17112.9,36730.6,37237.4,40423.8,26256.6,19866.5,69792.2,30578.1,57663.4,30409.1,36877.2,39873.3,47634.2,63367.1
"erythritol",211383.1,159458.4,132023.5,189087.3,244585,142035,214028.4,222474,172536.9,186639.2,243359.8,222107.6,256618.3,195526.5,253415,132205.8,393854.5,244888.3,151542.6,201100.7,159500.6,257639.3,420790.9,171862.3,420365.7,126831.4,654284.4,168459.2,196212.8,157355.2
"erythronate*",305071.1,220244.6,147192.8,241178,236178.7,194243.4,232562.7,179566.2,230361.4,183844.1,316446,280251.6,292354.5,286146.7,243496.3,199873.4,417594.9,233314.3,189080.4,145574.2,185714.7,306173.9,298230.7,248523,251103.6,115940.6,319039.4,148092.9,202476.7,121389.2
"erythrose",272503.5,472836.5,170331.9,510123.3,513364.9,1391668.8,580975,134071.9,232362.6,288279.5,112863.2,356595.8,513522.3,312988.6,301771.1,311482.3,361038.8,,140270.6,377891,354569.6,398021.5,436260.8,508369.3,435706.2,537228.2,163981.6,173864.6,211069,105523.2
"fructose",810580,745398,1435931,779730,603387,473837,484872,858496,742706,830006,1235505,2614396.3,2075319.1,1244827,1168605,918110.1,4507415,1166026,557868,1369848,699437,1935403,1365562,1518524,1365339,864195,1346264,696144,579810,775578
"fumarate",113526,99022.7,60898,145328.3,38900,108314.7,124078.7,132406,54469,57495.7,163212,76584,165414,79094.3,62613,64431,272622.1,213341.3,115920,,131344.7,93690,155522,129559.1,60126.5,108797.1,43903,95494,139032.1,73524
"gamma-glutamyl-2-aminobutyrate",62792.4,42885.1,92124.4,78678.3,72531.1,33268.5,53971.4,47939.4,34080.9,71280.6,47823.9,85828.4,74826.3,80792.3,72750.9,61907.2,84966.8,81543.2,95119.2,66613,81525.8,98889.8,43535,83104.5,74087.4,65284.7,83943.3,38520.6,36483.4,50924
"gamma-glutamylalanine",237745.3,225801.1,176083.2,311085.8,146150.8,249690.9,161353.6,156407.9,161296.9,224268.7,266210.3,225118,285353.5,258479.6,225580.2,281268.3,136588.3,303755.2,232514.4,299919,287600.2,159840.1,185483.8,186910.2,189822.8,156571.1,197424.7,113554,148787.8,254459.8
"gamma-glutamylglutamate",487984.8,445498.4,414535,390771.9,612073.7,558322.1,584026.8,608549.5,417813.5,498429,484563.4,444498.2,551141.7,312125.9,471264.9,383681.7,350524.4,838725.1,430327.9,440056.6,173102.9,179284.7,361032.9,297565.3,214549.7,206269.4,192966.8,255202,215725.7,172628.4
"gamma-glutamylglutamine",442318.2,412944.3,307651.3,542828.9,334986.5,422790.2,249783.9,406096.3,370996.4,454308.3,626673.3,357181,494115.7,543891.6,556813.1,709904.8,193309.7,759579.3,539746.4,712231.3,684114.9,474275.9,485526.9,529625.6,598375.4,488304.1,390368.8,428071.3,452333.3,720493.3
"gamma-glutamylisoleucine*",584648.6,471008.8,443563.1,373448.9,644894.2,494249,766727.5,595186.2,515893.3,551384.7,770555.8,372414.2,609345.6,440512.1,590977.2,335663.3,465512,827748.9,692054.6,593083.3,370236.4,268283.8,351892.3,311873.6,295909.5,302757.1,286370.2,367984.2,403925.8,348506.3
"gamma-glutamylleucine",1956661.9,1524027,1215129.6,1302429,2014775.6,1504722,2184555.3,1772409.3,1843644.6,2001764.8,3550415.3,1249685.6,2146327,1914145.5,2429611.3,1476660,1575256.1,3225073.3,2961811.5,2702950.5,1597822.3,1059374.3,1556181.3,1387311.6,1384923.6,1221838.4,1418729,1559491.9,1677918.5,1600795.8
"gamma-glutamylmethionine",320020.9,313426,203002.1,385393.1,292535.9,337893.3,286068,203043.4,255152.5,306861.7,387882.8,281762.3,371495.4,406898.9,351692.3,411832.3,257170.5,550667.6,367083.8,512391.8,302373.5,204479.9,285758.8,251618.9,312187.3,266392.5,398253.6,225075,238894.9,374195.6
"gamma-glutamylphenylalanine",377744.8,289249.4,312566.3,312399.8,342575.7,327223.6,452667.4,330299,316902.4,346809.4,612498.1,275733.3,494135.3,526900.5,445116.4,384214.6,437534.9,585412.8,535953.8,559935.9,443599,260902,449150.5,354875.9,369925.7,344232.5,474964.1,392615.7,406738.9,464092.1
"gamma-glutamylthreonine*",238181,196239.9,176791.2,193810.9,205856.3,206390.7,257116.6,201037.4,170220.9,195113.1,316028.3,134435.7,166928,173399.1,224464.9,185480.6,140149.6,303840.8,203509.2,232461.2,219861.7,92198.1,229451.3,136472.2,173371.8,148373.1,195453,154399.3,148223.5,162823.5
"gamma-glutamyltryptophan",38519.8,33653.6,33755.9,34063.8,39422.1,46400.2,61151.6,45860.7,42698.1,36876,51775.9,27998.8,46356.9,42548.7,48203.4,41756.4,50589.4,44924.6,61583,48410.9,28283.2,22882.9,32702.8,33667.7,29545.8,33745.5,43659.6,22540.9,32001.7,35842.9
"gamma-glutamyltyrosine",242497.8,207543.9,201852.6,300296.6,279419.7,237188.3,238774.2,274407.9,220887.7,223488.2,474793.1,235051.2,330212.3,465631.1,361372.2,304622.6,213250.6,429113.8,266625.9,353282.3,339112.6,220202.4,272384.8,272407.8,299529,250400.9,280911.4,246603.9,222832.5,292795.5
"gamma-glutamylvaline",1857234.6,1349220.8,1312686.8,1197099.8,1808890.4,1471669,1999460.9,1701885.6,1437050.9,1683587.6,2004074,890940.9,1196548.6,1192091.1,1455787,1030304.2,992087.7,2053096.3,1710018,1525371.6,843149.4,673205.8,766199.5,818666.3,748577.6,886545.3,577204.1,1042054.4,969767.3,980722.4
"glucose",35920632,22030258,29995392,26581262,18523794,17811640,26403418,35694164,37037212,38725700,40520556,47603772,48838624,40184796,30882096,39173640,53393780,53597584,41460064,29828820,25262216,47230216,47144904,33516062,32269476,38983480,61752188,46186176,44958672,55851016
"glutamate",613750.1,553264.1,554525.4,444899.2,736909.8,613979.8,738676.9,694153.2,506311.1,577658.9,561074.7,665240.9,640412.9,537801.9,526927.1,503789.4,710757.6,794969,618051.8,567463.6,392869.9,446387.8,658566,530819.8,369386,423968.4,400246.5,559482.8,444712.5,343600
"glutamine",560137.8,567312.2,378805,657676.7,413648.8,565175,265163.3,459600.6,602545.4,584532.3,780184.5,543850.1,513232.7,769441.3,626311.3,863218.9,302118.8,755376.3,745285.4,866122.3,1022235.4,961125.7,773555.3,912113.5,820473.4,950619.1,559618.7,731731.8,849168.8,1091699.1
"glutarate (pentanedioate)",16810,25480,,35732,33710,12981,16390,,14890,22040,31623.1,,38293,,,,54390,,21107,,,,53692,,,,14552,8301,15269,14077
"glycerate",881331.6,946330.1,658594.4,757752.9,1102785.3,598687,893054.8,638828.7,963425.9,544075.5,867410.4,812647.3,1182132.4,740605.6,1048278.1,711805.5,1010506.2,840224.3,781692.2,451934,651947.2,1043261.4,1157829.3,835858.4,855608.8,653979.2,664702.8,654242,863575.3,426679.7
"glycerol",10300534,12454594,10193332,11630828,9270619,10484028,12625030,13525019,8587355,10282517,6745760,7596991,8226040,8733288,5549136.5,6908723,8971669,6521151.5,7655062,5483880.5,6060620.5,5944859.5,6752471,8990872,6510879,7283963,7222635,7566747.5,8271493,6485212
"glycerol 2-phosphate",27644,,23611,,21362,,22830,42540,22877,24969,38231,23346.8,51663,,29019,34657,,,13069,10883,,23897,,42081,,55021.2,,,40525,
"glycerol 3-phosphate (G3P)",185299,139265.6,128926,150203.2,146402.3,88443.4,125153.3,124932,98431.6,110216,130614.8,190179,256277.3,137240.7,142956.3,161950.5,271134.8,100499.1,154589.5,123818.6,116103,235437.2,129371.6,228172.4,183778.1,187512.5,155881,108942.4,156301.4,105276
"glycerophosphorylcholine (GPC)",147008.6,177946.2,160948.7,182675.4,172505.4,113099.3,111047.1,163029.5,186492.7,157864.3,174972.1,190998.6,163740.2,164614.3,167935.6,181133.6,170287.3,189664.8,207039.6,144576,78023.7,144273.1,113339.1,222370.5,131039.4,136304.5,54707,178142.9,171520.8,120854.2
"glycine",13339398,13395720,9455056,10021981,11771659,10336051,7041420.5,10047152,10659009,9951146,22650872,10563651,11326401,9856971,9407082,12371527,8375438,20795824,16992262,7812319,12922381,11087621,11486845,8048086,15604533,12000233,14494705,10715806,13113466,16481009
"glycocholate",232330.6,66646.3,24342.3,43965.6,209822.3,63855.9,29967.5,33158.9,32940.9,33651,309639.8,2129403,1223452.5,117824.3,25920.1,575882.1,698257.9,354748.1,160403.6,52521.4,457033.5,685441.2,160112.4,329810.7,215056.4,334884.7,941491.6,233148.7,119181.5,23656.9
"glycodeoxycholate",1975645.5,256367.3,63002.1,562702.8,2071425.4,576848.8,176832.2,180192.7,173978.1,486609.1,1602663.6,3289898.8,2641773.3,326284.9,222809.3,2877975.8,922775.7,537290.3,203871.7,257677.9,2401734.3,1810228.3,145555.4,772601.4,820611.4,940338.8,897671.9,279918.7,224726.1,211533.5
"glycolate (hydroxyacetate)",230295.9,209532.7,182928.5,255765.2,211451,183434.7,212840.6,250377.2,223613.8,191674.1,161342.4,193341.2,254221.8,234000.6,172164.4,142901.2,209560.7,194911.3,225444,205212.6,164692.8,169585,269663.6,233045.3,233816.1,166370.1,193863.6,113196,180711.3,197370.8
"glycolithocholate",130614,58462.9,25991.6,45908.3,160571.1,64444.4,34587.6,49266,30941.8,58077.1,66326.5,267484.6,406481.1,128384.1,105194.1,156448.2,129029.7,133080.2,34454.8,60570.9,68512,227021,74177.7,95702.6,140416.8,122025,109522.8,63617.3,61934.7,36956.7
"glycolithocholate sulfate*",30705.4,32123.4,18329.3,22198.4,23254.9,,20501.5,,,,,69289.2,51757.1,,,25161.9,19568.1,,,,,46073.4,28672.8,19179.2,,18638.3,,,,
"glycyltyrosine",,,,,,,,,,,,149925.5,,31425.1,,39115,72744.6,105324.1,55699,,82740.1,56767.5,,46050.3,31595.3,55850.7,,25918.8,94765.1,
"heme*",162320,130972.4,150236.2,57589.2,392502.8,58322.1,59552.5,79001.3,161471,143843.8,109003.9,54508.4,172550.8,100369.4,109533.4,155408.6,53639.8,329000.1,114841.9,53022.6,180921.1,113596.6,162013.1,67968.9,118203.3,193695.6,81764.3,275508.1,114306.4,51408.9
"heptanoate (7:0)",103861.9,117035.5,154546.7,116504.1,88848.9,94475.4,139560.4,124448.4,120066.9,76151.1,101157.9,211096.1,214585.2,121174.9,93797.1,72127,288107.5,74584.8,121257.6,62530.9,94374.7,111003.8,92784.5,168101.1,115729,82565.2,140853.1,139072.8,128774.5,69112.5
"hexadecanedioate",46998.4,109431.4,23255.5,27662.7,22259.4,54792.3,36395.6,86216.3,44949.7,44943.9,40198.9,27374.7,34241,25982.6,22517.4,22132.4,52807.4,38378.3,38768.3,31780.4,41255.1,29610.7,28514.6,21469.8,22027.1,31129.8,41606.5,28452.7,32526.6,23271.3
"hexanoylcarnitine",55763.5,50307.8,46369.7,70635.3,44263.7,48882,73725,39088.2,32983.5,36544.4,27995.2,42240.6,46179.5,31565.8,31062,26653.8,79297.1,,30364.1,18973.1,62865.6,32664.8,48297.5,54760.8,38328.1,32442.7,81795.8,38356.3,35478.2,21319.6
"hippurate",370290.7,436317.6,402725.4,515770.2,363578.2,331912.9,489532.1,348467.8,355616.1,215984.1,535816.7,742792.4,872945.5,752598.3,1063670.3,337563.8,2018313.3,545058.6,649858.1,717091.3,444410.2,750977.8,1159385.3,657048.5,1297502.4,516041.1,1503329.4,490931.5,629408.4,611205.4
"histidine",417343.8,389975.4,347752.7,394305.8,382675.9,400083,371878.4,336267.8,383473.8,394708.2,469601,355857.6,401921.7,438173.3,439332.2,449877.2,393827.4,426831.7,418973.9,479369.4,427761.6,409654.9,397110.6,396105.5,427224.7,406891.2,463807.3,356171.3,384173.5,464800.4
"homostachydrine*",,,,,,,,,,,58218.6,89832.1,381960.3,135859,73157.6,50108.3,188982.4,137170.8,87549.4,190977.6,53571.7,117968.9,121388.5,114743.4,115511.5,41409.9,241602.5,20560,62217.3,75009.4
"HWESASXX*",768011.8,476957.4,131015,154486.4,669039.6,938314.6,37631.2,198163.6,434789.3,275877.1,659312,4106533.8,419349.3,322928.9,540197.4,2064702.4,493874.1,268640,1022604.3,297158.2,448687.3,4964992.5,1637509.4,1665280,558733.5,3365380,329119.5,403895.9,1324184.5,287938.3
"HXGXA*",449977.1,348877.9,108136,151170.4,390701,631356.3,27054.2,142688.8,306663.8,277104.7,243668.5,1692187,435606,301026.7,180393.1,589938.1,414713.9,122446.6,442040,228171.4,173052,2038333.8,919887.4,1306507.6,353997.5,1448849.4,249879.7,114146.6,275511.3,287019.3
"hydroxyisovaleroyl carnitine",87312.5,26956.3,25467.7,45120.9,54778,36722.8,44184.4,26539.5,47967.8,45330.3,94602.2,44719,40839.6,77994,79183.3,45372.8,97961.5,62646.8,77342,94713.7,122512.2,44049.4,64778.5,72353.4,79500.3,62679,96928.3,53113.6,66729.2,84889.1
"hypoxanthine",,146673,72059,197655,36838,39611,,176226.1,151381.3,149662,,22979,,93196,35910,38097,44091,102544,134596.1,67826,31255,68190,,66590.9,,23624,24044,,68618.3,182512
"iminodiacetate (IDA)",2133305.3,1971475,1352702.5,2150272.5,1891082.9,1599542.6,1708362,1959542.1,2229338.5,1839032.3,2429127,2127571.3,2492253.3,2295315,1955782.9,2074829,2638782.8,2641237.8,2485858.8,2045708.8,1650384,1940043.8,1770380.5,2159700.5,2216839.3,1695245.6,2320421.3,1678450.3,1713323.3,2333605.8
"indoleacetate",60752.1,60731.3,58484.8,105429.2,54678.3,80595.5,50474.4,35683.9,67095.3,65463.8,71187.9,92029.4,69720.9,96198,65174.1,56933.5,98074.4,69822.7,75891.6,78587.5,100703.5,50941.4,69766,98067.3,94900,56732,142226.5,60194.7,89349.8,99363.3
"indolelactate",81571,,39465,47651,48306,72187,70245,82633,99582,63297,115511,,94080,76010,29784,62583,131772,179353,95555,,65053,55139,147664,55179,162593,,177012.3,109264,116907,99855
"indolepropionate",105727.6,99233.9,125006.8,105993.6,192427.2,131639,137533.4,91514.7,124790.8,80118.4,133451.5,153507.1,103581.9,159955.2,166579.8,176957.2,152583.8,188978.3,222040.1,329853.8,144500.1,252124.7,258041.9,146656.3,675821.1,157247.3,133615.5,186811.5,228362.1,176306
"inosine",,17078.5,,,,,,,,74329.7,,,,32826.4,,,,,17012.8,,,,,,,,,,,112404
"Isobar: 2-propylpentanoic acid, 2-ethylhexanoic acid",136101.9,180024.2,179625.5,148433.6,153588.7,108881.9,179600,139712.4,169924.3,107724.2,223407.9,233239.1,331002.8,238849.3,239323.4,160219.3,307042.8,175270.7,316164.7,143568.6,216773.7,283714.8,254426.9,346163.6,257558.1,223568.5,253867.6,323676.2,399698.7,128620.7
"isobutyrylcarnitine",196836.8,192115,139032,158388,136988,108644,108945,134994,138248,115029.8,237512,54673,131537,95778,236133,97796,132205.4,118217.1,230922.5,237552.8,207262,94481,246961.9,157710,260664.6,111956.9,255569,106553.4,187115.6,240050.6
"isobutyrylglycine",36437,32790.9,25307.6,20875.6,28369.1,23690.6,19641.2,17727.4,18260.5,,22537.8,,26787.5,19222.8,21702,15760.6,15880.7,30328,30049.3,24408.7,,18308.9,26883.1,21989,,33356.5,16278.4,22456.8,31078,19474
"isoleucine",11962713,10715473,8611017,9112455,10256251,9322794,10794787,10000223,10071804,11170112,14902751,9753046,12067750,12582118,11921587,9581402,13114941,13084044,15837622,14421741,13743042,12190411,13707049,9922755,10749419,10935321,12312560,10929707,11936277,13158248
"isovalerate",222519.1,195655.9,219528.7,191185.1,172728.8,118621.8,166647.5,81958.4,113400.8,82318.3,57270.2,80408.9,104112.1,63623.1,68793.7,56500.5,51951.8,93489.9,98940.2,38655.4,26503.4,23181.7,37482.4,47071.9,24709.6,39718.8,33340.1,32332.1,37163.4,19598.6
"isovalerylcarnitine",83946.8,75117.3,51371.3,81938.8,60050.9,45993.4,56102.5,51168.9,40535.4,45262,130818.1,83687,86122.9,125961.5,139036.8,73533,87270.6,68177.3,96428.3,95592.8,199622.5,70032.2,194308.5,134246.4,170973.6,92211.5,275462.3,110184.8,80966,130596.1
"isovalerylglycine",16461.4,21893.5,23374.1,23760.2,19279.1,19312.3,21099,19089.5,21462.6,15082.9,28230.8,,19105.2,22698.9,25362.7,23831.6,33121.9,22635.6,42783.3,22902.1,36764,24612.9,33957.7,26908.3,27922.5,30754.1,22496.8,21280.9,40446.5,21881.6
"kaempferol 3-O-beta-glucoside",,33456.1,,,,,,,,,,,,,,,,,,,,,,,,,,,,
"kynurenine",184013,228875.4,201042.4,238644,136155.3,161413.2,330292.6,348444.3,243283.1,156405,176621.2,78180.8,198084,173647.2,127281.1,128408.1,246145,378598.6,200986.6,167863,188169.8,103132.6,232808.7,149659.4,137273.9,142867,239564.1,228121.4,157957.4,204893.2
"lactate",66232284,155866576,42485048,120886952,43553792,85000464,80658576,94313008,156690800,98075784,86092048,70127792,43151168,80677200,38623324,111669400,87917192,73867344,121756312,65746868,50439620,58577216,116466608,80707736,77315344,84529232,93447280,96621712,99020576,89354760
"laurate (12:0)",2649841.3,2941080,3571315,3169248,2382325.3,2578966,3406495.8,2566213.5,3147430,2189653.3,2839631.3,2656063.3,3114228.3,2541640.8,2515704.8,2147807.5,3125892.8,2428195.8,3023067.3,1898957.3,2334220.5,2632226.5,2712735.3,2936925.8,2895287.3,2232688.5,2594079.5,2977191,2860890.5,2020531
"laurylcarnitine",88447.5,96814.9,57111.3,110025.4,71863.3,90074.4,115808.9,67147.2,59758.2,119356.5,,55383.7,79012.7,48271.3,,58259.3,77054.2,31454.8,,30134.5,131772.9,60732.6,49225.2,42209.5,46526.4,62713.9,25399.2,38973.9,21234.6,29143
"leucine",16214305,14245833,10217920,12636588,14214025,11484570,14757935,13092823,14188695,17349012,21605328,12883457,21134148,20266840,19271328,14373678,20116598,22340676,22624768,23385116,20327874,19750676,19510888,16199829,16757152,14883730,24551254,18475174,18359334,22236778
"leucylleucine",42662.8,55139.8,,,50302.1,35095.4,,,36400.5,37273.3,31833,47552.8,24079,26756.8,26364,21422.4,,29549.8,25336.3,38426.9,21731.1,56413.1,177902.3,35715.4,30030,50755.4,21832.1,,18390.5,16305.6
"leukotriene B4",279129,349176.8,286895.9,358210.8,191798.2,192024.9,298494.6,186652.2,243521.9,175833.1,,,,,,,,,,,,,,,,,,,,
"levulinate (4-oxovalerate)",25590.9,34882.9,37288.4,23796.8,25804.6,39177.4,35780.6,16981.1,41014.6,15049.6,46495.8,46800,31858.9,31673,49719.6,24705.9,34814.9,20427.1,42207.2,21081,25983.7,40869.1,43347.9,39220.6,43034.2,21015.1,34679.5,86798.1,106411.6,20683.9
"linoleate (18:2n6)",53327384,59300408,60872860,51788256,54968356,58965748,56393868,68212576,42022208,51443744,14231265,21209142,21914364,14702395,18185622,15190249,18582180,15244868,14675944,14122875,16726378,11135466,17406046,20069858,20612636,15766130,17403948,13361101,15385369,23583528
"linolenate [alpha or gamma; (18:3n3 or 6)]",3324537.3,3154937,2772942.5,3074489,2979020.8,4203024.5,2591452,4113835,1970476.6,2516008,1055225.4,2370867.5,2239432,1414918.1,1718416.1,1319016.9,1668196.5,1387305,1254610.3,1088852.5,1078207.8,992796.9,1529319.4,2093226.3,1915343.8,1476276.6,1552813.3,1103061.1,1404083.4,2424728
"lysine",1246162.8,438371.6,223544.3,588999.6,582742.6,510508.1,559913.6,963976.7,664059.1,732506.3,1971096.6,494545.7,521219.3,1153358.4,876506.9,1291336,615867.5,1665124,1845746.5,781239.1,795600.7,348444.3,588583.2,311487.6,463776,813238.1,1136336.8,830401.1,1176380.4,1509761.8
"malate",204105.3,173225.3,79167,233026.5,76392,166966.5,181549.5,245917.7,112308.7,82448,444365.4,171877.7,437605,320323.2,81674,152383.7,602083,431891.6,254673.7,112621.7,213736.5,117255,533251.2,224895.4,107306.1,162250.7,552284.3,156151.7,251873.7,97219
"mannose",1362184.9,873731,1518356.8,968082,661627,627556.4,809249,1494199,1459449,1214079.3,1048734,1660585,1142406.6,821294,642029,931821.6,2160844,1915718.8,1152549.9,551074.1,477935,1408685.8,1160306,977632.9,1219208.8,918636,1926246.4,2178151.3,1670717.5,1468454.6
"margarate (17:0)",1357914.8,1151414.5,1070399.5,1083708.9,1301850.6,1074535.6,931825.1,1187698.4,865833.9,,794823.8,828903.2,1325822.4,651884.9,843197.3,753331.1,1003430.5,721353.1,840820.6,622821.4,627055.1,545802.2,740466.1,696795.4,676104.5,757316.9,592018.6,597815.1,751062.3,
"methionine",1959909.5,1853066.4,1359736.6,2195707.3,1749571.6,1787391,1752739.8,1211455.1,1682142.5,1607469.5,2131383.8,2108142.8,2153535.3,2575616.8,1957454.8,2266357,2416598.3,2189240.5,2324024.3,2661664.5,2216454.8,1754518,2689577.3,2038716.1,2354852.5,2001323.8,3141641.5,1611852,1655449.6,2550462.3
"methyl palmitate (15 or 2)",521813.2,437255,603559.4,453426.2,621197.9,442321.5,180542.3,382671.3,574413.7,441760.1,748783.4,501083.3,,763721.6,754009.6,698368.3,647353.9,791387.3,767084.8,510862,599388.4,556985.3,623171,530429,543347.6,637168.3,706428,591613,530687.7,575986.8
"methylphosphate",69703,50685.1,43478,131294.7,42673,96225,124197,30437,58597.3,41985.3,52028,59351,95727.4,93505,55059,137833,105125.5,58844,136605,41798,45769,72885,85245,94998.6,,103613.7,,93052,148668.3,38224
"myo-inositol",784769.4,696846.4,486371.4,583165.1,573702.1,330282.4,712200.5,574362.7,693039.6,857858.1,1074064.1,1188031.8,1469989.5,1542616.4,1165218.3,997022.1,1383826.8,1329090,918028.3,1036182.4,870174.7,1037111.8,1842427.9,961317,1149484.4,1083000.6,2010717.5,759772.1,904371.7,1553771.8
"myristate (14:0)",5461490,5652136,6521612,6452449,5140419.5,5640572.5,6492967,6284576.5,5809573,6340842,5167803.5,4906876.5,4881711.5,4623623.5,4443127.5,4108179.3,4554474,4537679.5,4776652,3452607.8,3736465.3,3876800.8,4404698.5,4551689,4116428,4132909.3,4268741.5,3941900,4256211.5,3870692.5
"myristoleate (14:1n5)",408521.1,478367.6,549559.9,581104.4,360462.7,481526.3,523575.6,503530.5,438154.6,487041.5,187042.5,351307.5,359784.2,357427.9,238533.7,250594.4,326494.4,232164.1,326604.1,214485.1,241506,235100.7,263675.7,322125.6,258954.2,232785.2,254522.2,258573,301951.3,230195.4
"N-acetyl-beta-alanine",77046,20644.7,55246.3,36649.7,15532.5,31973.8,98728,20017.2,28334.6,40185.4,63041.3,,40662.2,16630.7,35295.9,42305.1,90578.5,20331.8,62814.1,33538.7,74565.5,21964.3,484187.6,18630.9,53214.9,30201.8,85427.4,,38757.1,39555.9
"N-acetylaspartate (NAA)",,24331,,48877,26979.7,47568,41791.3,,29680.5,23911,17049,,38318.4,,,25144,,16970,,19618,,6831,19707.6,12183,14436,16121,30023,,12894,
"N-acetylglycine",625133.4,884137.6,597564.6,594201.8,930391.1,760370.9,596728.3,578747.7,386346.4,481785.9,331794.3,515449.8,572138.9,539154.6,187396.6,439161.8,336560,424967.7,349975.2,215086.2,493811.6,522647.4,546351.8,431187.6,198264.6,618165.8,383934,499205.8,460616.3,258287.7
"N-acetylmethionine",,,20176.1,,,,22179.8,,,,,,22481.7,,15323.6,,20544,,,,,,22266.3,,,,21108,,,
"N-acetylornithine",17464.8,28292.6,35236.3,,27118.4,,27335.4,18345.9,,,179273.2,160397.2,163062.6,134147,156049.5,91589.4,234102,117655.2,129175.7,85758.4,140420.8,212642.7,130219.9,155390.7,168552.5,98037.7,203105,88500.8,111439.3,82518
"N-acetylserine",59343.3,51204.6,24268.5,60918,43142.4,,82093.6,35797,52475.4,52185.1,60838.1,52686,82079.5,,,,72901.6,36269,,47315.5,32304.2,54769.8,91168.3,42677.6,70622,38834,83748.9,26498.6,63484.3,
"N-acetylthreonine",25936.4,21683,27226.3,21821.1,23149.9,,37541.4,22433.2,21325.3,23089.4,,24858.1,27663,21910.9,42288.1,23702.6,30734.6,23950.9,21097.5,26056,29321.6,,34291.3,,30760.3,19600.7,31351,22036.9,23468.7,26466.9
"n-Butyl Oleate",67603,,,69127.1,80951,,,35919,48809,,102396.2,,33629,,69446.9,88753,71976.2,89744.7,113855.5,,61723.8,58005,,67578.4,83072,101586,80495,88494.1,132501.8,40235
"N-formylmethionine",23515.3,22741.7,22900.6,,20216.3,25106,31879.7,16066.8,17007.5,15040.6,28546.5,17788.9,31776.1,16699.2,22843.5,24938.5,40878.8,17102.8,22338.7,18764.4,23540.3,,30250.5,16436.1,22118,25649.7,39548.7,,21117.5,19384.7
"N1-methyladenosine",16348.5,,15873.7,,,17869.3,16781,26675.7,16372.5,20646.5,17242.8,22961.3,31095.1,25260.1,,16531,49100.7,24525,21611.9,17262.8,27670.4,34448.8,39249.6,29232.9,20882.2,23977.7,42320.9,23169.4,25623.2,27423.9
"nicotinamide",86594.9,61055.1,53424.7,81149,138948.2,136636,156427.7,78532.4,168392.7,152847,93553.2,67158.2,52514.6,81294.9,109872,129136.9,153465.7,86110.5,137519.1,167557,54549.5,52022.3,64389.4,63262.9,61122,126794.8,51493.3,26403.5,143260.1,76457.8
"nonadecanoate (19:0)",99722.7,113165.4,87438.3,80702,101329.9,120242.8,84943.3,79728,82492.5,71600.1,91382.6,77899.2,55795.9,42826.3,59752.2,70423.5,64385.4,40072.3,75321.3,59028.9,81960.6,44451.7,48328.3,63802.1,38936.6,101104.5,28776.3,45618.9,47705.8,39391.8
"octadecanedioate",143687.6,209727.3,102731.6,135237.6,104897.7,132546.9,116820.1,165219.6,144468.9,103213.8,216767.4,178013.1,198497.1,116161.7,156723.2,93177.9,363484.5,142073.9,259858.9,93757,181563.4,137721.5,149752.5,166661.5,143722.7,126611.9,200269.8,149908.5,252103.3,174784.5
"octanoylcarnitine",196015.4,222311.7,189682.5,222836.3,138882.8,115136.3,246286.8,126541.6,93610.8,125609.8,36995.7,101377.9,100512.3,56857.7,58889.1,56771.1,176883.9,39772.9,30103.9,18926,236408.1,145497.6,122055.6,107142.3,106792.1,80093.1,52794,82957,67446.9,69292
"oleate (18:1n9)",4140501.3,6922609.5,6509688.5,7452535,4914269,6132924,6169239,7864003.5,4471532,6436270,1000193,2290263.8,3069786.5,1518700.3,998719.8,1652789.5,2190289.8,1379238.9,1680565.8,916140,1078581.8,1025584,1630792.5,2282261.5,1166369.5,1779976.6,1235841,1529608,2437812.5,1648665.3
"oleoylcarnitine",120159.7,172923.8,119383,211461.6,171618.2,186164.3,163850,161269.4,185513.7,227385.7,54708.8,110810.8,141450.8,154325.2,62203.9,72934.4,106429.8,106451.2,71267,33905.1,117927.7,73292.5,62569.6,91858.5,81356,91130.1,48720.3,78783.4,114922.1,90535
"ornithine",449511.3,86390,120325,168878,203407.6,173440.4,138954,210212,247102,417206.2,432088.3,108953,,333173.5,184936,281997.1,201380,357015.8,628971.3,234482.7,221577.7,104182,228295,143413,162548,155031.2,361689.5,183610.4,240562.9,607769.1
"oxalate (ethanedioate)",,,53200,,79383.1,64276.2,32061,,,,,35624,,53475,68746,,78209,,,39918,,,,,47414,,,84530.5,,
"p-cresol sulfate",2384576.5,1767145.8,2392747.3,2766156.3,2538629.5,2069084.9,2967780.3,2331454.8,2580920.3,2092416.3,4620942,2160033.8,4296617.5,4289033.5,2950629.5,2704559,5687575,2929564.3,4041781,3640101.5,2230415.8,2063564.5,4158464.5,4209028.5,2814627.3,1887138.4,8644980,1244224.1,3966783.5,3873377.8
"palmitate (16:0)",39507568,42451900,40237284,47661596,38864644,39528744,39605500,46541944,36433584,43100428,24692268,32135520,33114118,22155744,24486044,24811978,27110216,23445014,27114730,17852622,20981036,20489938,24703990,26245932,22606404,26646532,22068876,21905552,26015112,24984224
"palmitoleate (16:1n7)",9323409,13660215,12813845,18807060,9441295,13457512,15598826,17811822,13278524,15073638,3432572.8,8945305,7860570.5,4742042,4186785.8,3853231,7048724,3733613.8,5068222.5,2941537.3,2734122.8,3759258.3,5543668,5478054.5,3424713.8,3804876.3,3476293,3294590.8,5866069.5,4406154
"palmitoyl sphingomyelin",10777463,8749753,6555458.5,15539886,7299009,10394306,15291656,10039470,9499556,8765344,6199201,5340092.5,6193834,9450690,4992311.5,9019250,6973970.5,9906834,12963804,4654033.5,5923033.5,6117798.5,7870681.5,9148405,6433811,11085736,7321548,8172213,10171232,4990118.5
"pantothenate",24318,45090.6,24446.5,24115.7,21353.1,17629.5,25559.1,21600.3,32151.7,23067.9,43710.2,99067.1,49794,46471,28019.3,46250.8,59530,63485.1,50329.2,30684.8,38958.3,65876.8,50489.2,37815.3,28511.6,31102.2,55666.2,29441.3,51685,39893.6
"pelargonate (9:0)",2091738.8,2915113.8,3615211.3,2698983.3,1830223.3,2032834,3347021.5,2053333,2833265.8,1572495.1,2572081,2445605.8,3321108.5,2078319.4,2147514.8,1692354.3,3128550,1734900.9,2790112.3,1301961.3,2239814.8,2592740.3,2127296,3113383.3,2762977.3,2057008.8,1961470.1,3356010,3274130.3,1649749.5
"phenol sulfate",213338.6,179590.8,352676.8,202445.9,198248.7,208813.3,179148.1,119336.7,182729.5,183745,173284,165189.9,194286,224758.4,320083.9,212255.6,272724.7,214159.6,196576.7,316671,230914.2,196464.7,278951,196290.1,471384.2,206369.7,801318.3,230125.4,200249.8,306989.1
"phenylacetate",38488.7,27570.7,42687,27180,26744.1,32946.9,37868,21270.4,37600.2,25706.6,54737.7,46303.5,69715.4,63769.9,28283.7,31244.8,88790.5,35376.7,57193.8,52016.9,42351.7,35830.9,38263.6,52719.4,33067.1,48951,57404.3,21863.6,55628.6,47975.9
"phenylacetylglutamine",979367.6,1346614.4,1638615,1336620.8,1047208.3,1010565.9,1714642.8,1171177.1,1043711.5,867764,1991902.8,1063468.9,2569590.8,1793844.9,2314850,1093323.8,3716703.8,1384184.8,1872413.9,1733198.4,1104251.8,1582694.9,2611343,1935788.4,1417223.6,1410131,2267123.3,625697.9,2218531.3,1855126.9
"phenylalanine",11540239,9802516,9778883,11756162,10254767,10011800,10914363,8746940,11582322,11350486,14858151,10766397,13863249,18316684,13108823,12045211,14039260,15675698,16717519,18829112,16535521,13518278,15958546,14229859,13467050,12620329,17749950,12990826,13566237,17456880
"phenylalanylphenylalanine",98605,38683.2,49758.8,39815.8,15990.2,33607.6,56487.4,,51426.7,42297.9,29292.3,27283.7,33983.3,32159.3,34441,52539.4,30443.7,34167.9,40899.8,31603.2,19911.1,46451.4,190810.5,47109.3,33260.1,36070.7,37807.5,18748.1,46174.3,39933.2
"phenyllactate (PLA)",,,,,,,,,,,,,,,,,,,,,,,16511.9,,30424,,73547.4,,,
"phosphate",151628272,130878568,91713144,169521504,136889360,108175784,147636560,123889488,151002672,128916392,123491128,95007336,82558416,126375520,99330264,88282432,93170168,127532896,121153872,99855584,94697376,116963944,106731336,125142448,78493680,99849000,112787400,109681928,124740928,97122128
"pipecolate",327292.5,409693.2,585940.6,485285.9,253845.4,318137,1016161.1,426326.7,384311.8,410625.5,330863.4,365427.5,677738.3,370997.2,291458.7,297991.3,570449.6,274434.1,357181.5,443332.1,272579.2,267896.9,510632,250540.7,229456.3,229746.2,567506.8,128696.6,248842.2,361556.4
"pro-hydroxy-pro",544116.5,884670.3,1114157.5,1117118.1,433478.5,329438.6,27438.7,779787.9,682415.3,508391.3,318018.3,342832.2,378960.4,575231,321417.1,363168.6,,573917.4,430754.3,479450,337929,388783.9,430963.1,474674.7,301774,289142.7,,506909.1,350736.9,381697.4
"proline",8468417,6331421,5292894,7902601.5,6425181.5,7865037.5,5048125.5,7502017.5,8004511.5,8449787,6136419,5399566.5,7455295,6560228,6237590.5,6799309,4343396,8416024,7202088.5,8932244,6610182,5894788,7469240,6297733,6851619.5,5503752.5,6891009.5,4332509.5,6634215.5,8473530
"propionylcarnitine",337224.1,329511.4,151285.1,359521.8,265534,209773.9,241687.1,222870.1,185589,177186.5,572565.2,513913,248217.2,425882.7,592007.4,339211.5,388307.9,285062.5,315598.7,538565.6,791952.6,308394.6,495792.8,540188.2,1065265.4,431805.8,1598431.9,456776.9,317207.6,538702.4
"propionylglycine",50540.6,19799.4,,32593.6,21395.4,20105.3,,20650.1,,,29352.9,27597.8,17531.6,24887.7,26252.4,35364.7,,19862.3,25265.1,49089.9,30248.4,22836.6,,34047.7,44124.1,37442,59554.5,19168.2,22813.2,23512.5
"pseudouridine",202102.6,138922.2,179962.6,147095,161338.6,180506,155033.6,156354.2,158796.3,159251.5,178259.5,159588.4,190244.2,147871.8,164799.3,152736.4,184184.1,167394.1,147335.7,168045.7,169197.8,165301.7,201954.8,134259,126239,147517.4,155489.7,151603.8,153173.1,150396.4
"pyridoxate",42421,47333.1,39181.3,40560.2,43389.3,54645.8,57002.3,61967.1,35289.4,37659.8,70744.7,37987.5,52707.6,57609.4,66427.4,45265.2,83883.4,65614.7,60719.1,60383.9,69844.7,44857.9,81378.5,53449.3,76636.1,57329,126855.6,60878.7,57066.9,59494.5
"pyroglutamine*",101996.6,,26703.1,,67248.1,55144.6,,27153.5,,90038,92182,54073.6,,26291.7,27894.7,28977.3,,40909.8,,62923.9,88956.8,23931.6,32542.7,21667.2,17199.5,29362.3,,38032.7,25034.2,81011.3
"pyrophosphate (PPi)",280895,369020.8,36344,291992.5,96378.4,213080,218369.3,236097.9,81760.1,210190.2,131139.3,309684.8,261915.2,122400.1,197916,493424.6,365561.9,101762.7,297704.1,192828.7,179995.3,215181.7,329675,293061.6,287867,491072.4,151268,131929.6,272630,312810
"pyruvate",,22139,13881,,,33521,,33167,35795,12981,67458.5,40598,,53789,,55795,109081.6,46202,162796.3,64579,62398,16541,73739,56122,36064,54687.1,125544,83195,136597,137976.6
"ribitol",90581.8,44297.1,51354,54195,,,61180,91834,68443,82217,115994,101435,,84946,84577,88915.5,112078,114374,,54904,,105816.2,113938.3,63787,60635,,168839.7,59242.8,43729,97555
"serine",3776071,1093637.4,756230.4,2077664.5,2263103.3,1833378.3,1404183.9,2717399.8,2531686.3,2676671.5,3442695,1115855.3,2117632,2486343.3,2537723.5,3224533.3,1449429.5,2062920.1,2809440,2531531.3,2395226.8,1277827.3,2440500.5,1168630.5,2236056.8,2422739.5,3395148.3,1382146.4,2426955.3,2945248.3
"serotonin (5HT)",56830.9,142804.4,44641.7,28685.6,207016.3,62942.1,,43155.8,29274,187045.4,85927.1,108439.3,85482.3,179708.8,112761.3,101315.9,182286.7,170112.1,140940.9,68400.7,59753,62459.8,142137.9,95226,99480.2,72886.5,218558.8,54145.2,147737.5,316664.8
"sophorose",303228.6,325299,263912,658831.8,340028,186627,467075.4,241865,297519,518695,,596587.9,618661,323260,424385,519778.4,432327,,,668312.6,505457,616955.4,1007471.6,332008,489420,669284.6,322068,260424,,
"sorbitol",21463,,,,,,,,,31783,94625,116428,72599,115157,,171171,238315,184501.9,60212,30577,,83860,67729,43868,,111164,144333,51653,,
"stachydrine",,,,,,,,,,,98815.2,118946.4,442251.7,127080.7,77278.3,61970.2,278931.7,158282.3,103381.6,161496.9,125743.9,329025,231566.6,153254.6,137147.1,71938.9,374730.1,62402.3,67878.7,87104.7
"stearate (18:0)",22952542,28009834,22726646,29655372,21388618,25498080,22910192,26327458,22596350,25449554,16925406,19368428,19163180,12580381,15719336,17559976,17155272,12934467,16713399,12251048,14999678,13768176,13844950,16503843,11871852,20599592,12071471,14184064,17510620,14778565
"stearidonate (18:4n3)",21544,50019.6,45888.7,44174.8,42154,50209.7,35469.5,55024.5,19275.3,45318.1,31325.8,60292.9,38774.2,29356.2,38040.5,23997.8,49599,31050.8,34814.1,36120.3,30605.6,48450.3,41299.1,49540,37573.9,46831.1,27892.7,18480.6,46767.3,34373.6
"stearoyl sphingomyelin",1537667.9,1019203.3,680186,1959635.3,981704,1136425,2123132.8,508349,1082998,1257552.3,1022376.6,916503.3,1050279.4,1582477,947183.4,1493308.9,1077762.9,1299001.3,1970681.6,872933.7,1176179.8,899711,1391013.4,1534006,1262766.1,1797609.8,1326531,1153381.8,1253659.8,993306.8
,,,,,,,,,,,,,,,,,,,,,,,,,,,,,,
"stearoylcarnitine",,38278.3,42847.9,37723.6,39129.2,32208.3,22308.8,47736.2,45421.7,51217.3,,27247,54107.5,61383.5,,38880.6,20549.1,36817.1,23435,,61674.4,27986.6,,27169.8,39196.1,50426.9,40359.9,19658,33303.6,
"succinate",89622,88811,61738,,43773,88163,104287,132237,49248,52929,64955,27390,55264,39334,41955,30054,,65841,36655,42546,47384,32852,51872,34405,46614,,42291,26280,47557,34749
"taurocholate",474614.8,49461.7,,41084.4,143370.3,80569.3,18660.9,18314.8,26479.4,24627.4,205121.8,415287.2,78117.4,105376,24057.4,332581.3,431990.7,373186.5,217399.6,77070.4,339979.7,101907.7,162656.7,471279.5,35960.7,292475.2,440474,139072.2,154416.1,30380.6
"taurocholenate sulfate*",36788,,,74229.2,,31887.1,34077,22581.1,,20416.8,27633.5,,,,16655,22022.7,,25181.4,,28849.1,21193.1,,24670,20058.9,,16679.5,,22058.9,21209.7,
"taurodeoxycholate",5369176,478192.8,55236.3,1067317.1,3390835.5,1598146.1,367601.3,359389.9,237563.5,1536959.5,2266694.3,1270382.1,234098.3,682375.8,359303.9,3155092.5,1321140.4,1070312.6,758077.9,1265212.8,3560647,1040305.9,346920,2809980,774175.6,2412820.3,1599811.8,984176.3,884278.5,943649.9
"taurolithocholate",569613.3,73599,,149471.3,493829.3,101915.3,110573.1,74246.7,34900.4,207237.8,170418,123761,26363.1,175541.7,128169.6,123505,179144.5,112201.6,85362.5,119222.3,240459.3,80906.6,42754.9,406162.8,50498.9,171175.7,178114.5,120587.9,122514.7,111126
"taurolithocholate 3-sulfate",52667.8,21345.6,,22426.2,26708,,21251.6,,,18127.6,,,,,,,,,,,,,18059.6,21694.4,,,,,,
"tetradecanedioate",28516.7,49667.3,21315.6,28339.1,,32041.7,26974.8,48002.6,26772.7,30827,,,16966.7,15285.3,,,,,,,15730.1,21162.1,,,,,,,,
"threonate",256782.4,258004,170341.2,219182.8,241213,116473,214136.7,157582,226064,124827,297459.9,255556.7,359446.4,245161.4,276758.5,181473.5,357605.8,253844.4,279776.6,117541,169382.9,318493.8,345534.3,283551,283724,159230.6,348145.3,204476.8,273232.3,124237.6
"threonine",134794.3,120903,172021.2,165545.8,105776.9,135164.7,122367.1,105544.8,142646.8,83680.7,206832.2,164723.9,172231.7,194156.1,179706,170855.4,148536.8,197435,178564.3,181865.7,271494.9,158790,235590.1,180114.7,150507.9,149782.3,196812.2,160810.3,159010.7,166640.8
"tigloylglycine",20262.2,16817,26844.3,18667.8,16990.1,,50149.3,17653.6,,,89147.8,53542.6,102535.9,43921.1,17119.8,86923.1,96722.6,115585.1,64844,31835.5,58233.9,36827.6,73649.3,62756.9,,118822.2,45778.1,67305.1,89465.6,
"trans-4-hydroxyproline",1616885.5,1700478.1,1650234.3,1993874.1,1224222.3,1128590,1973474.1,1331369.8,1776903.9,1670456.6,1564555.1,1227106.6,1677111.9,1424394.5,923922.1,1107288.9,1049251.6,1829858.9,1793574,1581426.4,813079.6,959700.5,1276544.1,1035503.4,1002995.8,921822.6,961331.8,604336.1,1471310.8,1702579.5
"tryptophan",13513045,8874170,10904195,12167438,13718832,14390746,13445531,10859043,15090737,13270673,14333363,9711917,12765926,16644064,16025063,13808972,14559369,16015690,15288555,18878006,14952745,9492442,14611473,13374388,14394989,13675470,14346774,13330494,14461685,18771734
"tryptophan betaine ",213972.7,395005.3,634168.8,175769.3,561355.3,136708,463524.9,635867.9,171334,468497.1,,,,,,,,,,,,,,,,,,,,
"tyrosine",5477251,5114374.5,4496210,7752548.5,5794827.5,5007422,4857604.5,5269847.5,5342922.5,5313731.5,7953180.5,5557691,7173761.5,11585974,7786848.5,6034715.5,6501580,7883990,5975918.5,8384333,8764293,5342089.5,7351060,7055317.5,7777155.5,6345011,8757336,5941696.5,5581105.5,8129248.5
"undecanoate (11:0)",186504.5,182958.4,236300.1,220406.7,162723.8,191449.9,255533.8,184314,203188.4,145291.3,,235932.7,232748.6,206954.9,226322,179554.6,212309.9,187165.5,257790.3,163635.1,212308,236550.6,200456.5,268423.3,261165.1,204249.2,203515.1,271456.2,230762.7,191491.9
"urate",130191,39544.6,,26143,117758.2,63433.9,58634.6,40703,,59215.5,51728,25196.2,48979.1,23843,,26241,71940.6,25161.7,16413,,31117,33102,108803.3,23910,,,,42489,25685.7,31580
"urea",21720396,16050512,10879704,17187512,20596962,16425632,21765162,21596204,17980108,22817320,26138286,14377132,19358060,20905882,21363860,16173038,30570668,20181988,20499280,25892372,16646308,23327652,17533346,19130348,19732164,17758326,35368880,20209976,21529362,25810064
"uridine",352684.6,363616.6,311801.1,285835.9,348128.9,331333.2,374826.7,299963.7,322098.6,329992.5,315805.5,291616.4,220497.8,245092,276367.7,277043.3,335580.5,275743.8,294956.8,290403.3,285971.1,304731.4,271054.7,230352.3,198938,298967.6,149759.2,216334,278463.5,261035.9
"valerate",,,19295.2,,,,,,,,,15222.1,,,,,21079.3,,,,,,,,,,,,,
"valerylcarnitine",,,,,,,,,,,,30897.8,75471.4,30678,,,109144.6,,32003.1,,,,31221.1,55521.9,21357.6,,173697.8,23994.6,24897.7,
"valine",14974111,12657542,10698876,11091670,11230796,10825060,14276124,10660268,10548391,14789503,15923639,10551383,11985755,13448429,12463282,10990509,13215536,16021688,16827358,14133729,14331752,12972082,11954638,12975636,10077603,11882465,12746332,11880578,12041535,13437580
"xanthine",63952.8,,10303,55357,49495.7,,59705.2,72062.9,69637,120458,34916.3,,28487,46319,,50987,89108.4,,,48552.7,41150.6,15629,,30870,38836,68414,34236,25920,25252,37474.4
"XHWESASXXR*",392641.7,525918.1,635998.7,278986.9,496663.2,238146.4,126994.2,242032.3,243598.7,404340.4,457057.7,1256312.8,912292.7,216366.2,1024348.6,794692.2,289261.1,592169.3,488185.1,534567.3,154471.6,256168.4,,181074.8,134847.3,279892.8,64791.6,183503.2,375038,396128.8
"xylitol",38183,19950.5,,30101.6,22261,3930,18423,5889,32699,,81408.5,363975.1,120969.1,127600.4,,220395.7,390549.9,299998.1,64095,26550.3,84935.4,172969,108852.5,204712.7,19481,280565.3,180072.5,207356,88480.5,24482
"[H]HWESASLLR[OH]",5674582,2446067.5,1823790.1,1376498.5,4593269,4168327.8,555213.1,1785672.4,2395361.3,2260871,3841689.3,5556082.5,3796010,1218442.3,3784798.3,4871757,2407459.8,2091443.9,3617339.8,2470980.8,1629221.9,2112543.8,4439260,2487802.3,1612500.6,4630965.5,1018398.5,1119382,2925758.5,1948724
